,link_fixing_commit,os,days_needed_to_remove_min,days_needed_to_remove_max,introducing_commit_id_first,introducing_commit_id_last,fixing_commit_id,commiter_fixing_date,releases_pre_fixing_commit,issues_pre_fixing_commit,open_issues_pre_fixing_commit,closed_issues_pre_fixing_commit,mean_code_frequency_addition,median_code_frequency_addition,mean_code_frequency_deletion,median_code_frequency_deletion,patch_total_modifications,patch_total_deletions,patch_total_additions,Main Language,LOC,Contributors,age_pre_fixing
0,https://github.com/xsoh/Etar-Calendar/commit/2dd566a8b0a3a69cefe61bcad5e3be4d72bfaa06,android,187,187,d6734dbb,d6734dbb,2dd566a8,2011-01-25T23:31:11Z,0,0,0,0,371.9446903,1,307.3495575,0,3,1,2,Java,36171,52,828
1,https://github.com/wordpress-mobile/WordPress-Android/commit/58273a412443756e82bc4fb7f552277d0118495e,android,0,107,dc505438be,d954cc53c1,58273a4124,2010-03-26T22:22:22Z,0,0,0,0,4042.683468,2174.5,3331.068548,1547.5,40,15,25,Java,12515,2,201
2,https://github.com/DrKLO/Telegram/commit/644fc7ccea9deee3686dc9c824893baa4ce4bef6,android,4,211,4622ba91,f68ace0f,644fc7cc,2014-05-24T22:47:05Z,0,143,7,136,8386.37276,0,3851.017921,0,758,301,457,Java,215671,6,216
3,https://github.com/wordpress-mobile/WordPress-Android/commit/496a8bcdbe6254fb7ca1a2d4eb1c6fe0939ae30f,android,12,16,00dbe7dda1,3cb03d1e15,496a8bcdbe,2015-10-01T13:20:56Z,87,3286,2,3284,5618.918269,3605,4557.110577,2347.5,3,2,1,Java,130307,68,2216
4,https://github.com/tasks/tasks/commit/89de6e9fdeaca1eef99f3b256222950503aa0973,android,0,813,0a015c981,1746ec4e9,89de6e9fd,2012-04-27T18:18:23Z,50,0,0,0,3177.909561,310,4125.408269,234,76,45,31,Java,306336,25,1223
5,https://github.com/tasks/tasks/commit/1746ec4e9fe320b7b39109f83b0c076c521ff76b,android,0,0,1b2d5c258,1b2d5c258,1746ec4e9,2012-04-27T18:18:23Z,50,0,0,0,3177.909561,310,4125.408269,234,7,2,5,Java,306349,25,1223
6,https://github.com/k9mail/k-9//commit/d3cc1fdfdc05109fb38a0fd84589dd8b5de47059,android,63,266,959404cc6,8b92bc383,d3cc1fdfd,2010-07-15T03:42:13Z,64,0,0,0,2544.53125,485,2333.733333,235.5,58,18,40,Java,66487,7,627
7,https://github.com/k9mail/k-9//commit/f1d413ce77ab9c656ca391e8553b64535b2f9572,android,1,81,014b6c19c,71dbdf341,f1d413ce7,2010-10-03T10:56:16Z,93,0,0,0,2570.600427,462.5,2379.673077,229,323,135,188,Java,74805,7,707
8,https://github.com/arpitkh96/AmazeFileManager/commit/9e51961906ff5b762816bfde52891e1bbb0ae111,android,2,141,bd5917da,129f3bf3,9e519619,2014-12-03T00:47:33Z,1,50,0,50,2113.40239,529,1664.079681,237,81,20,61,Java,10629,8,332
9,https://github.com/brave/browser-android/commit/5e9f0ccb3880a12ae50e1f299bade587f313a8b1,android,0,838,24cb6617,23c99b30,5e9f0ccb,2016-05-10T22:55:26Z,48,786,192,594,11.30113636,0,5.931818182,0,18,5,13,Java,34282,7,1108
10,https://github.com/MirakelX/mirakel-android/commit/774fda074925c89bc84a8acb095ee6fb6378a155,android,56,253,2de1afb1,007d2d37,774fda07,2014-11-02T20:54:02Z,38,561,29,532,471.4666667,0,522.9176471,0,75,31,44,Java,9632,4,1666
11,https://github.com/k9mail/k-9//commit/453406a5a52666d5b2ac0c165480c25ad14409a2,android,6,7,d1d834527,852e51328,453406a5a,2008-12-14T19:33:34Z,0,0,0,0,2476.446619,480.5,2221.580071,230.5,25,3,22,Java,32476,7,49
12,https://github.com/k9mail/k-9//commit/02e41e6da0f1df1cacd2432744a1627937d94b5c,android,100,329,5491dee81,2cb5bdebb,02e41e6da,2009-09-26T22:47:13Z,0,0,0,0,2625.216475,505.5,2372.781609,269,21,9,12,Java,41289,7,335
13,https://github.com/ccrama/Slide/commit/d5c07e8db0d9c19532d760481da690d532898965,android,0,160,f1fe71ad,6c0b55d7,d5c07e8d,2016-03-10T06:13:21Z,27,1175,3,1172,1311.621622,70,798.5243243,39,36,17,19,Java,55946,37,165
14,https://github.com/ukanth/afwall/commit/79f6b8956ddc5fb5e4c76a83562cb89e123c8be2,android,1,1059,8ae241c3,8c1f2d21,79f6b895,2016-07-19T03:19:41Z,39,548,58,490,495.2710843,11,307.0481928,5.5,834,104,730,Java,31463,11,1367
15,https://github.com/wordpress-mobile/WordPress-Android/commit/5589be4748a35fe994d8d5021935397879b27001,android,5,325,8aa77d2a50,a8f11643ac,5589be4748,2014-08-10T19:54:50Z,52,1728,2,1726,5238.808989,3309,4276.599251,2301,53,41,12,Java,106444,48,1799
16,https://github.com/arpitkh96/AmazeFileManager/commit/0575aa689b02de5a657a84ae863ae9d9fdc902d5,android,12,161,aa58c7f9,7c4322ec,0575aa68,2015-01-02T14:27:13Z,3,62,0,62,2111.607287,510,1667.611336,233,41,12,29,Java,13534,8,362
17,https://github.com/wordpress-mobile/WordPress-Android/commit/c5beb919b9b0392a61c2bd4254fe6213be722792,android,28,28,a6a61518f4,a6a61518f4,c5beb919b9,2015-07-22T18:12:11Z,80,2999,2,2997,5496.004587,3512,4427.862385,2268,15,1,14,Java,123819,67,2145
18,https://github.com/automattic/simplenote-android/commit/bb9beec3887f8da06778bbd4cdfd47d77d0ddef0,android,9,160,4e649e6,d4ead45,bb9beec,2013-08-05T19:52:42Z,0,82,0,82,151.86875,0,93.34375,0,19,13,6,Java,3913,7,316
19,https://github.com/wordpress-mobile/WordPress-Android/commit/fa0603e5aea1abb40e1b3d3e04c406af387a3f6b,android,12,148,dbf7750a8f,b8f112e4d1,fa0603e5ae,2014-02-15T17:49:24Z,29,878,2,876,5586.617747,3419,4687.798635,2414,231,65,166,Java,68754,43,1623
20,https://github.com/anthonycr/Lightning-Browser/commit/97a64401e865df198669b384daf10ed7f71c3b14,android,4,161,42471026,e0ace140,97a64401,2016-03-06T19:34:01Z,7,380,104,276,887.7945946,71,847.0216216,16,27,12,15,Kotlin,19314,55,1120
21,https://github.com/open-keychain/open-keychain/commit/b1ea1261425e05d7eaa803e6ea72c1f0bbb5ae32,android,72,828,2f81c2fb0,f2ef65ac3,b1ea12614,2016-02-05T15:10:47Z,34,1710,86,1624,1184.994737,145.5,971.4263158,64.5,297,145,152,Java,94734,75,2133
22,https://github.com/anthonycr/Lightning-Browser/commit/ee52e00c83907dacb5201351a829150b980ae46c,android,4,4,ae15c9c8,ae15c9c8,ee52e00c,2016-01-19T02:39:09Z,7,365,95,270,883.59375,79,827.0104167,18,19,5,14,Kotlin,17110,55,1073
23,https://github.com/brave/browser-android/commit/40a064b39d4c198d04e1b22c72421c6efd2f94a4,android,238,300,be319c5b,0868802c,40a064b3,2014-10-14T02:08:41Z,19,461,24,437,360.1976744,0,413.9651163,0,6,3,3,Java,59365,2,534
24,https://github.com/k9mail/k-9//commit/1945dc4ad4789935817a3572a7a5edfd447c6603,android,6,452,5491dee81,c59aeb2c7,1945dc4ad,2010-01-28T00:29:27Z,26,0,0,0,2574.388889,486.5,2336.059524,237,180,58,122,Java,51422,7,459
25,https://github.com/WhisperSystems/Signal-Android/commit/b860aeff85dc59bddd3b7bb263f466e69b332049,android,320,817,bbea3fe1b,e80882b83,b860aeff8,2014-03-16T21:36:21Z,45,1181,0,1181,4705.34375,1120,4263.618056,452.5,40,18,22,Java,66790,29,819
26,https://github.com/ukanth/afwall/commit/8c1f2d218f6d5fbe1a730260378a1130b3cccc7e,android,11,1108,26108a62,b091f7ac,8c1f2d21,2016-07-18T02:03:36Z,39,548,58,490,495.2710843,11,307.0481928,5.5,254,56,198,Java,30973,11,1366
27,https://github.com/federicoiosue/Omni-Notes/commit/a7494b53c751f20d369a8b43c7e094e7bd52a4dc,android,12,133,71a83ca9,823fe36e,a7494b53,2014-06-26T21:25:44Z,50,12,1,11,568.7007299,44,489.2810219,22.5,41,18,23,Java,24558,1,242
28,https://github.com/antennapod/AntennaPod/commit/a66580bfc62630076abbcb25674016d1f930d6dc,android,1,1,b7f9d066,b7f9d066,a66580bf,2012-06-25T11:22:26Z,0,0,0,0,1121.849206,265.5,872.9391534,122,18,4,14,Java,5051,3,190
29,https://github.com/osmandapp/Osmand/commit/050a0039573c63393678be3d9fff3f8fa780f36d,android,0,166,ccdb7294f5,93098a731f,050a003957,2011-10-19T16:08:53Z,0,99,0,99,7536.731884,3628.5,5959.543478,1974,159,74,85,Java,123460,38,542
30,https://github.com/tomahawk-player/tomahawk-android/commit/69c2c2f7b7ebdb114c9a011ae41a0c18fc019d7b,android,4,4,883d2105,883d2105,69c2c2f7,2012-07-29T15:02:05Z,0,0,0,0,842.6836461,12,666.152815,0,8,2,6,Java,2538,3,21
31,https://github.com/ccrama/Slide/commit/06868961af0a18b6b9acf55a38bc0987637359e0,android,0,154,f1fe71ad,05569a3e,6868961,2016-03-04T00:03:30Z,26,1138,3,1135,1383.602151,77,850.0268817,40.5,81,28,53,Java,54052,36,159
32,https://github.com/Antox/Antox/commit/c8d98a5933de97dedc7e2ed55e726ca4da39f8af,android,0,163,253d8b43,70696cf2,c8d98a59,2014-08-10T09:27:59Z,4,0,0,0,342.1348315,0,267.411985,0,104,50,54,Scala,8924,46,196
33,https://github.com/WhisperSystems/Signal-Android/commit/3bac3c62632da246ee1a82d329d8ae5bf37b629e,android,222,222,1d0c9536f,1d0c9536f,3bac3c626,2015-07-22T19:24:41Z,118,3745,2,3743,5253.577982,1048.5,4611.655963,415.5,2,1,1,Java,82423,29,1312
34,https://github.com/antennapod/AntennaPod/commit/85ace6fb0180940450075990b35bbff6edf52184,android,81,380,c37b6717,ad583e45,85ace6fb,2015-04-18T20:12:39Z,50,757,28,729,732.4655172,134.5,598.5862069,81,49,30,19,Java,52374,47,1217
35,https://github.com/ccrama/Slide/commit/a2818a577fb3c5205349e59b54b906a705eeb38c,android,3,12,0514126e,8ea8604e,a2818a57,2016-02-12T18:38:22Z,23,974,2,972,1484.830688,98,918.1005291,44,13,7,6,Java,47643,32,138
36,https://github.com/anthonycr/Lightning-Browser/commit/f70d889c03fba8f86c67a0bc2963145d2687fb99,android,3,34,8bead204,eecf5be2,f70d889c,2014-06-02T14:56:20Z,0,83,2,81,1459.108303,93,1231.263538,39,303,19,284,Kotlin,10675,26,477
37,https://github.com/brave/browser-android/commit/9e3726eb1807fe384b0c3ba6c1ad1fae7cdf2945,android,67,68,24cb6617,cc1d1347,9e3726eb,2014-03-26T10:56:05Z,4,441,18,423,635.2125436,0,603.6898955,0,12,2,10,Java,49804,2,332
38,https://github.com/WhisperSystems/Signal-Android/commit/05e45e92cf7c3babae7efe2ca86f91136c48595a,android,8,11,0ee46bbe5,7ecc58095,05e45e92c,2015-05-29T23:25:32Z,103,3271,1,3270,5148.743363,1062.5,4498.256637,433.5,11,5,6,Java,75113,29,1258
39,https://github.com/automattic/simplenote-android/commit/bab4f734206577f1f4218d480cca573382cbd12c,android,1,133,b059fbb,dee291b,bab4f73,2013-07-16T08:32:41Z,0,45,0,45,179.0650155,0,124.4582043,0,343,170,173,Java,4358,7,296
40,https://github.com/osmandapp/Osmand/commit/6d9567fd98b13ad75ce85e88854135003ec296a5,android,404,1323,2175ad0c17,05bbe94580,6d9567fd98,2015-07-07T12:04:37Z,0,1444,16,1428,6912.572727,4197,4752,2108,104,24,80,Java,277013,56,1899
41,https://github.com/ccrama/Slide/commit/5b35e8da2e4721056283242b81a5416ed12c23e2,android,0,29,1f269187,eeb147a2,5b35e8da,2016-03-22T23:29:27Z,33,1224,3,1221,1256.677596,69,778.0546448,35,134,23,111,Java,62462,37,177
42,https://github.com/k9mail/k-9//commit/6d86fb3b16f9911d7bb7d17a1655059a2d30d2c7,android,774,774,821a00e72,821a00e72,6d86fb3b1,2013-07-19T00:24:59Z,290,339,0,339,2885.826625,364,2758.421053,174,1,1,0,Java,107320,7,1727
43,https://github.com/wordpress-mobile/WordPress-Android/commit/12c53f0ffb0a7f314d90800b9c4ea35e43b6f43d,android,0,102,dbf7750a8f,becc989a43,12c53f0ffb,2013-12-30T22:43:29Z,25,600,2,598,5603.913043,3466,4686.822742,2442,75,42,33,Java,69559,40,1576
44,https://github.com/wordpress-mobile/WordPress-Android/commit/963357343d7157552e4e58bf1a955d7f8a78df97,android,96,426,bb99d3ccab,13ddc9876e,963357343d,2015-05-10T14:26:52Z,73,2654,2,2652,5411.302632,3433,4413.701754,2290.5,28,15,13,Java,127357,67,2072
45,https://github.com/kontalk/androidclient/commit/8bfc4d7aa88b62ea67835e314455f4ee95beb868,android,76,425,59cdfdf27,eeac507bf,8bfc4d7aa,2012-07-30T12:24:32Z,12,0,0,0,880.1179625,248,679.8150134,90,145,75,70,Java,25793,3,435
46,https://github.com/Antox/Antox/commit/3d5b158cc5c3f5b7e0f4d6527cdf86877134bf56,android,0,163,253d8b43,ffc0f960,3d5b158c,2014-08-10T09:27:59Z,4,0,0,0,342.1348315,0,267.411985,0,104,50,54,Scala,8924,46,196
47,https://github.com/QuantumBadger/RedReader/commit/a56f486cc2f597ea809b7c390d8d71ecbf65a3f9,android,21,912,fbe2668,4265f68,a56f486,2015-10-04T11:42:24Z,43,240,56,184,216.9033816,3,88.74396135,0,65,43,22,Java,26825,17,917
48,https://github.com/BennyKok/OpenLauncher/commit/0ab48bfe8fdd4d1baba6ceba4e760753fbb0bba4,android,23,77,8d5054e4,2cbab61b,0ab48bfe,2016-10-19T15:24:46Z,0,3,0,3,1039.673203,61,961.2875817,18,783,363,420,Java,10569,3,80
49,https://github.com/k9mail/k-9//commit/f2fa5ae2f6cf198e74507885d114c903e5f052dc,android,24,182,5491dee81,ee4ac0778,f2fa5ae2f,2009-05-03T04:39:13Z,0,0,0,0,2545.723247,483,2294.345018,234,98,42,56,Java,38374,7,189
50,https://github.com/kontalk/androidclient/commit/635fe11ccb7acfe6e780481808eb4997e4aaa35f,android,0,180,ba4b79cb5,f126f17bb,635fe11cc,2011-12-02T11:25:41Z,4,0,0,0,874.8578431,257,657.6029412,92.5,82,34,48,Java,15283,3,194
51,https://github.com/QuantumBadger/RedReader/commit/e457e9e1818f51ecfab56ce0dba03108d15c68b0,android,498,498,fbe2668,d00dc4c,e457e9e,2014-08-17T08:40:11Z,35,160,41,119,247.9887218,6.5,120.5902256,1,9,7,2,Java,21399,17,504
52,https://github.com/osmandapp/Osmand/commit/59c8b5d39cf2c0361d6f688d75e19f2786a4cbae,android,118,118,6005c0a546,6005c0a546,59c8b5d39c,2012-11-10T21:01:04Z,0,347,0,347,6751.415042,3548,5516.292479,1844,8,3,5,Java,278748,56,930
53,https://github.com/kontalk/androidclient/commit/2904c2f13a76868c29f78333107199fb5919e3b4,android,5,257,16bb8b14b,c05c0b37e,2904c2f13,2016-04-22T20:11:19Z,64,689,80,609,476.0223464,119,236.5698324,47,14,4,10,Java,41237,5,1797
54,https://github.com/ukanth/afwall/commit/b4dd05d798067d340aba71830ff6eea5fae37636,android,577,577,0f7228d8,0f7228d8,b4dd05d7,2015-07-17T04:36:36Z,28,384,26,358,474.7077626,19,335.6803653,10,4,1,3,Java,32525,11,999
55,https://github.com/anthonycr/Lightning-Browser/commit/8132b34bbf67cf224f254dfb313ee621a52997b4,android,14,14,c9323cc7,c9323cc7,8132b34b,2016-02-25T00:18:05Z,7,377,103,274,881.6363636,76,839.1871658,17,9,2,7,Kotlin,19231,55,1110
56,https://github.com/tasks/tasks/commit/4e8501792157b9092f884042041cbd3051d47e7e,android,10,95,3d02188f7,c5124268e,4e8501792,2012-05-22T18:35:13Z,52,0,0,0,2990.112272,309,4083.597911,229,65,6,59,Java,336280,25,1248
57,https://github.com/jackpal/Android-Terminal-Emulator/commit/86b70e1a9ae87db2b483e1461d48407e96aebf35,android,8,8,30e3995,30e3995,86b70e1,2011-10-10T00:09:57Z,1,5,0,5,185.2987952,0,141.2433735,0,10,5,5,Java,5955,5,407
58,https://github.com/k9mail/k-9//commit/a1302afe75242fe2d1dee1a87f7688b02b1f641e,android,20,408,5491dee81,9cac2cd5b,a1302afe7,2009-12-15T02:52:01Z,8,0,0,0,2559.019608,493,2319.1,256,27,4,23,Java,49605,7,415
59,https://github.com/osmandapp/Osmand/commit/42483aad802759b5de97c5501afa74773dae84d4,android,0,48,bb65b7222f,979e5d85a9,42483aad80,2010-10-29T14:58:14Z,0,0,0,0,7230.150538,3430,5682.71828,1869,54,17,37,Java,71394,7,187
60,https://github.com/federicoiosue/Omni-Notes/commit/ac369d4a11389b85ca5d20403aa43e47979a0070,android,266,1093,37b53c9e,b1102876,ac369d4a,2017-02-21T09:22:57Z,106,329,55,274,165.962963,2,116.2444444,1,90,51,39,Java,32494,1,1213
61,https://github.com/DrKLO/Telegram/commit/d29eabd16359a4433c37216ea251a7f8fb3c398a,android,10,250,4622ba91,91f20737,d29eabd1,2014-07-02T22:39:05Z,0,147,7,140,8441.479853,0,3826.886447,0,7960,3486,4474,Java,219933,6,255
62,https://github.com/tasks/tasks/commit/b614a5af3c725a9c225eeb8aa828d5ee2263ae79,android,51,723,94a57ce75,cf488a976,b614a5af3,2013-01-21T21:31:57Z,73,0,0,0,2769.818966,235,4119.528736,158,215,114,101,Java,368334,25,1492
63,https://github.com/wordpress-mobile/WordPress-Android/commit/ddcd63c50468849ea09e72430aaf437cdf549186,android,0,443,6eb4659c85,ae5e829bb3,ddcd63c504,2015-10-02T11:12:59Z,87,3293,2,3291,5618.918269,3605,4557.110577,2347.5,124,46,78,Java,131611,68,2217
64,https://github.com/k9mail/k-9//commit/97a4f97b648bfc2d096c3daecd3877bc07059f83,android,63,188,5491dee81,4.52E+274,97a4f97b6,2009-05-09T15:22:36Z,0,0,0,0,2545.723247,483,2294.345018,234,34,14,20,Java,38448,7,195
65,https://github.com/federicoiosue/Omni-Notes/commit/9dd03fba58e9d577258ecbf37016228a9802824e,android,37,421,b9676624,4d175b02,9dd03fba,2015-05-29T00:00:37Z,69,171,18,153,229.7035398,14.5,170.9867257,7,130,57,73,Java,28899,1,579
66,https://github.com/federicoiosue/Omni-Notes/commit/448ad10b5b61445f1f413a88d13759321385c27a,android,0,6,72fd97c8,55285a8d,448ad10b,2013-11-15T13:47:17Z,3,0,0,0,947.3202614,80.5,755.8823529,49.5,89,36,53,Java,2407,1,19
67,https://github.com/wordpress-mobile/WordPress-Android/commit/941cb8acbf0da21779812e67583e76fa351ad3f6,android,0,327,48a5f18a26,5d89decf88,941cb8acbf,2014-01-29T14:29:54Z,28,763,2,761,5596.044068,3447,4682.715254,2438,37,16,21,Java,64037,42,1606
68,https://github.com/kontalk/androidclient/commit/878a320e5c768b88e8616ef51008fae487b34c69,android,236,436,0daa73d73,417d43f83,878a320e5,2015-10-11T20:49:39Z,56,566,65,501,494.907767,168.5,244.3737864,60,11,3,8,Java,36098,5,1603
69,https://github.com/k9mail/k-9//commit/b7a846492a103590e55f7b11c01c2732e261fb44,android,6,6,909f677f9,909f677f9,b7a846492,2009-06-08T00:41:29Z,0,0,0,0,2553.942272,481,2307.6946,235,31,19,12,Java,39849,7,225
70,https://github.com/wordpress-mobile/WordPress-Android/commit/a8c33b6f65c150ec2f6beca3b412e61eac023029,android,11,550,ea0544be80,f91b70da11,a8c33b6f65,2015-04-14T17:01:03Z,72,2527,2,2525,5393.711207,3433,4376.387931,2297.5,18,10,8,Java,123838,66,2046
71,https://github.com/antennapod/AntennaPod/commit/af30f4f9d29de2857e2a4973f206600a03311208,android,18,1256,5001182a,2197e9b7,af30f4f9,2015-11-25T20:15:34Z,61,1416,55,1361,637.45,84,554.295,38,19,13,6,Java,62137,51,1438
72,https://github.com/MirakelX/mirakel-android/commit/ad5370672e8c7f548e4212f1d215e9fe8439d584,android,0,2,f361b1d6,f2388149,ad537067,2014-08-08T16:22:08Z,33,515,26,489,581.7686567,0,595.2798507,0,268,23,245,Java,1848,4,1580
73,https://github.com/ccrama/Slide/commit/cfafc1681d3b47d1b3ad379fd9c49102d3f8da5d,android,0,139,6a299f68,b035cb91,cfafc168,2016-04-28T17:34:06Z,64,1608,3,1605,1059.219101,65,620.3876404,25,80,36,44,Java,72911,44,214
74,https://github.com/k9mail/k-9//commit/91ad70cd5d646fea8cdd47a334d9533c044779a9,android,23,327,cf359c95a,9cac2cd5b,91ad70cd5,2009-12-18T03:48:24Z,12,0,0,0,2559.019608,493,2319.1,256,13,13,0,Java,49490,7,418
75,https://github.com/siacs/Conversations/commit/c296d6f4466e2616432660bb01465f3746e1bb65,android,43,654,ea766d97,f0b1761e,c296d6f4,2016-01-11T10:17:45Z,84,1643,53,1590,722.746114,378,470.5647668,141,603,242,361,Java,49080,34,722
76,https://github.com/wordpress-mobile/WordPress-Android/commit/293dc61fde1ade0884ad460df3074fd5bc2e92e9,android,88,88,dbf7750a8f,dbf7750a8f,293dc61fde,2013-12-17T00:25:47Z,24,507,2,505,5648.495017,3466,4761.172757,2442,23,3,20,Java,68767,39,1563
77,https://github.com/osmandapp/Osmand/commit/4474c9421a4ea271bec4c88e82a91025e474404b,android,1,4,109ca692f1,778a243cdf,4474c9421a,2016-04-02T07:51:20Z,0,2407,53,2354,7083.335165,4117.5,4659.17033,2048.5,213,125,88,Java,322180,56,2169
78,https://github.com/xsoh/Etar-Calendar/commit/56626e2ef86a471f57af8abe713d36e4c7903294,android,1074,1074,0558defd,0558defd,56626e2e,2017-01-28T18:27:23Z,12,0,0,0,53.77697842,0,42.98561151,0,16,2,14,Java,63058,52,3023
79,https://github.com/osmandapp/Osmand/commit/b652687d3740387842f0daa5c5993defe7887161,android,90,90,60dc64bbd4,60dc64bbd4,b652687d37,2016-10-26T19:29:07Z,0,3207,148,3059,7152.335526,4227.5,5067.730263,2085.5,2,1,1,Java,407181,56,2376
80,https://github.com/ukanth/afwall/commit/1884579c3ecea7abf49c4e76a785dcbb04e83a55,android,47,129,af957672,166c1ee0,1884579c,2013-07-09T04:36:01Z,16,166,6,160,679.7438272,23.5,737.8858025,11,168,55,113,Java,66461,7,261
81,https://github.com/tomahawk-player/tomahawk-android/commit/09855d0b0eb4fe7fedc487445f0acf254be4249b,android,0,2,bc5f99b4,c793cc3f,09855d0b,2012-07-24T00:14:27Z,0,0,0,0,846.4037433,13,666.3823529,0,72,28,44,Java,2006,3,16
82,https://github.com/k9mail/k-9//commit/7cb6fa102f1e21b7161ccd67c66b7188c9afba56,android,10,521,d678ccc16,e102a1d47,7cb6fa102,2016-07-06T19:48:38Z,335,1486,156,1330,3561.988095,391,3329.005952,172.5,11,4,7,Java,123589,7,2810
83,https://github.com/ukanth/afwall/commit/5dcf978279660cd58a4071614cb319961a744c67,android,1,14,b091f7ac,79f6b895,5dcf9782,2016-07-21T02:35:42Z,39,550,59,491,495.2710843,11,307.0481928,5.5,48,9,39,Java,31534,11,1369
84,https://github.com/k9mail/k-9//commit/647dc827d892b260ec2e3ceee7c9c4a1d51bfcca,android,14,197,909f677f9,2c1dad555,647dc827d,2009-12-15T02:51:25Z,8,0,0,0,2559.019608,493,2319.1,256,207,121,86,Java,49576,7,415
85,https://github.com/osmandapp/Osmand/commit/daa3deb00f2b7db70208794d290d04e9cc1982e2,android,0,0,4a23b4d074,4a23b4d074,daa3deb00f,2012-11-28T12:14:15Z,0,373,0,373,6766.859551,3540,5537.696629,1841,14,3,11,Java,284132,56,948
86,https://github.com/osmandapp/Osmand/commit/376bc2217bb4c38809981fdcd3e8353a06d4c281,android,155,155,7bc162a878,7bc162a878,376bc2217b,2013-09-21T11:47:05Z,0,529,0,529,6592.88535,3817.5,4709.328025,1901,32,9,23,Java,184208,56,1245
87,https://github.com/MirakelX/mirakel-android/commit/9eeeba580f9e72e222ecf9c80356c660286a0c31,android,3,3,2a3d103b,2a3d103b,9eeeba58,2015-05-10T19:00:31Z,42,588,34,554,293.3157895,0,446.0921053,0,264,6,258,Java,17016,4,1855
88,https://github.com/osmandapp/Osmand/commit/59e6701969dcfdfdc1a2c1eb6cc332c0e8eb5b04,android,4,9,1749e60eee,58314c350d,59e6701969,2012-05-12T10:47:54Z,0,247,0,247,7367.994805,3714,5926.685714,1979,8,5,3,Java,194021,56,748
89,https://github.com/anthonycr/Lightning-Browser/commit/cb19ce2d0ad6a4e0b0df184238d289107dad5fae,android,48,176,969cab81,0a4d81f7,cb19ce2d,2016-01-10T19:02:13Z,7,365,95,270,883.492228,81,827.7720207,19,5,3,2,Kotlin,17015,55,1064
90,https://github.com/wordpress-mobile/WordPress-Android/commit/5db9800c49a5df7ce790be683a370ad0cbd81969,android,172,336,57bbae9687,d55ed7e11e,5db9800c49,2013-02-20T21:47:24Z,16,0,0,0,5428.409884,3292.5,4490.639535,2302.5,28,6,22,Java,35049,18,1263
91,https://github.com/federicoiosue/Omni-Notes/commit/44964efe027ca0ba690a9ef46c85dd57e3e04041,android,21,412,87157a2a,8db7c181,44964efe,2015-05-12T20:43:13Z,69,163,17,146,239.495614,16.5,182.0657895,7,26,6,20,Java,28904,1,562
92,https://github.com/wordpress-mobile/WordPress-Android/commit/65df0ee33617e90b35d3e098168e38f46e1adc55,android,7,7,ea75603afa,ea75603afa,65df0ee336,2016-01-22T21:52:12Z,95,3650,2,3648,5873.4375,3796.5,4855.010417,2553.5,5,2,3,Java,147620,68,2329
93,https://github.com/ukanth/afwall/commit/9783956e1a5b185d235e319d059650b68368ae95,android,0,202,07dc411b,f4dc1351,9783956e,2014-03-15T15:47:19Z,22,262,9,253,674.0519031,15,529.3875433,6,3261,2660,601,Java,22565,10,510
94,https://github.com/WhisperSystems/Signal-Android/commit/77e846d24e27dcae41d64bf776d44be59a58d927,android,829,829,61d419279,61d419279,77e846d24,2015-04-10T17:07:22Z,88,2931,0,2931,5052.313305,1071,4394.120172,436,16,7,9,Java,72465,29,1209
95,https://github.com/k9mail/k-9//commit/852e51328165163b794a5a16d11c2de0b1c4f9d7,android,0,0,d1d834527,d1d834527,852e51328,2008-12-07T20:55:26Z,0,0,0,0,2572.582593,481,2350.191829,231,178,64,114,Java,32638,6,42
96,https://github.com/Antox/Antox/commit/a0b9c5c32507e4b91db478edb98504793c58cc6a,android,0,157,b7194223,5185c71a,a0b9c5c3,2014-08-12T17:00:35Z,4,0,0,0,342.1348315,0,267.411985,0,126,31,95,Scala,9032,46,198
97,https://github.com/theScrabi/NewPipe/commit/33e332f10562f3e37ee75b3daecad44c69ea9466,android,4,65,73d61f17,fc707b6c,33e332f1,2015-11-08T20:17:51Z,6,77,0,77,1123.480198,532,724.3415842,306,102,31,71,Java,4271,8,70
98,https://github.com/siacs/Conversations/commit/94ab61d5c0b060e2aea5caf58ac06864f980956b,android,0,22,4f902d82,746f9591,94ab61d5,2014-02-19T07:21:33Z,0,0,0,0,1131.184932,511.5,676.2465753,202,54,25,29,Java,5840,1,31
99,https://github.com/WhisperSystems/Signal-Android/commit/7a023b9fdcce34f2d03bb3e1934f7416c2f5d6aa,android,18,722,2f39283da,7bf7acb1f,7a023b9fd,2015-03-19T18:19:53Z,77,2713,0,2713,5000.805085,1090,4346.610169,437,50,20,30,Java,71314,29,1187
100,https://github.com/k9mail/k-9//commit/6334ae05ccabd3213bd0ca55a382c3c0cd40d1bb,android,0,0,130b33bb3,130b33bb3,6334ae05c,2011-03-31T12:47:27Z,173,8,0,8,2489.812641,400,2200.17833,198,2,1,1,Java,58769,7,886
101,https://github.com/WhisperSystems/Signal-Android/commit/ac4db414355bb601d2ac746d7073485c6ad6d83c,android,47,181,53da1f849,0a61534e0,ac4db4143,2015-02-11T20:50:19Z,66,2445,0,2445,4939.751037,1131,4357.319502,440,101,37,64,Java,76644,29,1151
102,https://github.com/tasks/tasks/commit/8a247fce08f8fa3efbbf9db174ed3354f2535e5d,android,4,30,4cda12b55,68134b94e,8a247fce0,2010-05-06T05:49:52Z,0,0,0,0,5918.357143,506.5,5823.961224,312,565,153,412,Java,10678,1,501
103,https://github.com/ukanth/afwall/commit/ef6c28e1f472d0f0b48e0d539b5c9e59128ab5cc,android,2,964,9b9cc373,218e3807,ef6c28e1,2016-02-26T12:43:19Z,35,499,43,456,501.6684492,11,327.342246,5,62,21,41,Java,31297,11,1223
104,https://github.com/tasks/tasks/commit/3497e9d84d861fc9083c6b1fe2b57d7e1e6b9e7d,android,45,98,26c2d3c49,2c07691fc,3497e9d84,2011-08-23T06:23:19Z,38,0,0,0,4431.936019,399,4900.263033,282.5,8,6,2,Java,149275,18,975
105,https://github.com/siacs/Conversations/commit/f5019ba96647bd1c33153e6e9099d21dcf47bfa7,android,0,254,14a171b0,cb4069f0,f5019ba9,2014-10-15T20:08:13Z,28,553,6,547,1024.868217,445.5,611.872093,165,264,197,67,Java,23031,34,269
106,https://github.com/colloquy/colloquy/commit/9396d9fdd531b64a48ff56498af93f19bb720d81,ios,0,0,f2f02da2,f2f02da2,9396d9fd,2004-09-17T03:05:18Z,0,0,0,0,1676.404337,13.5,1455.590561,6,2,1,1,Objective-C,28820,1,572
107,https://github.com/colloquy/colloquy/commit/52f197f19e8206d2ec69fa4a7edeb7e46da71b0c,ios,206,206,8fb1e15a,8fb1e15a,52f197f1,2003-09-17T22:19:29Z,0,0,0,0,1689.77512,22.5,1481.836124,14,2,1,1,Objective-C,19581,1,206
108,https://github.com/mozilla-mobile/firefox-ios/commit/4fd4f17583b3bb151fad2de2e31c326d33b66b3c,ios,299,425,c02255251,655f7a845,4fd4f1758,2016-06-08T20:18:11Z,44,1896,0,1896,5892.837209,815,10656.99419,502,11,4,7,Swift,415114,67,584
109,https://github.com/zgrossbart/bridges/commit/410b840c42b8f08cb91b1a5472a1cf3ac757cea9,ios,11,11,5748f58,5748f58,410b840,2012-09-20T20:01:11Z,0,0,0,0,3504.404372,0,352.1939891,0,5,3,2,Objective-C,53157,1,25
110,https://github.com/colloquy/colloquy/commit/1107ced61ef20f65641c0e6985ed72f0e76420ff,ios,183,183,2d7aa1f7,2d7aa1f7,1107ced6,2004-06-01T16:50:55Z,0,0,0,0,1672.007509,16,1442.415519,8,31,11,20,Objective-C,22400,1,464
111,https://github.com/Lyndir/Gorillas/commit/70939d0a1833bcb295aba86ac3b01c7757296781,ios,1,209,1c32e2a,c6ad377,70939d0,2009-07-03T06:20:20Z,0,0,0,0,123.3127341,0,124.3483146,0,637,43,594,Objective-C,7160,1,215
112,https://github.com/colloquy/colloquy/commit/85b450165ae3571d7f07a0670ef4dc92a1a5c13e,ios,1,563,bda72008,4fc456b6,85b45016,2010-01-27T03:02:56Z,0,2176,314,1862,1651.311508,0,1886.505952,0,227,113,114,Objective-C,170697,1,2530
113,https://github.com/colloquy/colloquy/commit/bbda73a61e315b752b84352987fd7c72aa98b8c0,ios,0,0,ab45429d,ab45429d,bbda73a6,2011-12-16T23:57:49Z,0,2801,414,2387,1762.362069,0,2288.352217,0,8,1,7,Objective-C,177381,1,3218
114,https://github.com/mozilla-mobile/firefox-ios/commit/438a49725805d793ac9622a5fa5eb439cb032698,ios,22,44,acfcb9979,b88d6af3a,438a49725,2015-01-14T22:15:41Z,0,82,0,82,11378.04898,1167,10825.46531,614,6,3,3,Swift,39790,12,73
115,https://github.com/colloquy/colloquy/commit/ab2e492a126e6d38f18f818d424081b4e8ecb51b,ios,803,4293,8fb1e15a,e8f44ec5,ab2e492a,2014-11-25T03:53:38Z,0,3425,487,2938,2341.448413,0,3346.440476,0,76,15,61,Objective-C,184560,1,4293
116,https://github.com/mozilla-mobile/firefox-ios/commit/506c32416e0a75a689bcd44f053626f9e15e9151,ios,374,374,f4e51bcbb,f4e51bcbb,506c32416,2016-11-15T16:08:14Z,62,2232,0,2232,6670.201342,832,12224.02013,529,2,1,1,Swift,421186,67,744
117,https://github.com/Lyndir/Gorillas/commit/84bd567ba708d2e5ff691a834cf48dedccb14538,ios,0,94,db5c42c,d43a81f,84bd567,2009-06-25T21:06:27Z,0,0,0,0,131.8897196,0,130.8373832,0,90,33,57,Objective-C,6170,1,207
118,https://github.com/mozilla-mobile/firefox-ios/commit/e03050c5df7be3b6d0bbbea5c90420d467dcc720,ios,80,389,d35372b2f,6d9555a5b,e03050c5d,2016-06-21T14:05:33Z,46,1917,0,1917,5955.6,816,10781.42941,508.5,36,18,18,Swift,415685,67,597
119,https://github.com/mozilla-mobile/firefox-ios/commit/90428d1474649c6595053cc07276c5884f97befc,ios,12,68,f71bda840,b1795d377,90428d147,2015-04-23T19:14:27Z,0,370,0,370,11693.85281,1093,11163.39394,582,29,9,20,Swift,50939,30,172
120,https://github.com/colloquy/colloquy/commit/b21d5665f66efe6fbcfb8c2c823152b90f78d483,ios,0,362,bda72008,d1b3bc72,b21d5665,2009-07-10T02:49:52Z,0,1861,253,1608,1624.857411,0,1797.450281,0,319,135,184,Objective-C,162579,1,2329
121,https://github.com/colloquy/colloquy/commit/28c57745388df26e83be07740c6998921e7bc31c,ios,0,178,bda72008,3096ba87,28c57745,2009-01-07T08:48:15Z,0,1563,189,1374,1588.391771,2,1733.561717,1,226,80,146,Objective-C,156338,1,2145
122,https://github.com/herzbube/littlego/commit/a66e3608808577a67f58d9d622545c6f34615841,ios,13,13,d55af1f,d55af1f,a66e360,2016-09-12T17:47:13Z,22,306,101,205,98.53797468,0,23.98734177,0,2,1,1,Objective-C,43129,1,2059
123,https://github.com/zgrossbart/bridges/commit/2a1eabb6a0300bfea127423d18882092e1907b2a,ios,3,51,8beb9f9,9b1dc50,2a1eabb,2012-11-12T18:45:43Z,0,0,0,0,1715.374302,0,144.8994413,0,12,6,6,Objective-C,67134,1,78
124,https://github.com/aslanyanhaik/Quick-Chat/commit/b7a83c278fb1a2f3c1306f2946d51ae532d448a8,ios,0,42,649ae24,3fdf4d0,b7a83c2,2016-12-09T18:25:55Z,0,0,0,0,293.0684932,0,261.1027397,0,86,33,53,Swift,10347,1,124
125,https://github.com/colloquy/colloquy/commit/af5afbc6c749951e2b2018aa58dc84ac30fbdcff,ios,217,217,86d6e017,86d6e017,af5afbc6,2010-03-06T19:30:15Z,0,2215,322,1893,1665.895792,0,1904.274549,0,3,1,2,Objective-C,171512,1,2568
126,https://github.com/zgrossbart/bridges/commit/b9a9d29396e6b4ff6af5984809006974515fc11a,ios,7,45,071b9d9,dbf8ba2,b9a9d29,2012-10-18T18:22:27Z,0,0,0,0,3430.350829,0,269.1961326,0,58,19,39,Objective-C,59812,1,53
127,https://github.com/colloquy/colloquy/commit/e515b21c6129eb59546ee08fe018b81a855a5fca,ios,3,3,9231edd2,9231edd2,e515b21c,2013-01-02T11:33:52Z,0,3092,438,2654,1831.373219,0,2593.501425,0,5,1,4,Objective-C,208430,1,3601
128,https://github.com/colloquy/colloquy/commit/18c9eff5a422383c6dbfcc6c8fb7bccd30270cf1,ios,76,76,57f6b135,57f6b135,18c9eff5,2005-05-21T17:02:13Z,0,394,21,373,1663.785047,6,1466.042724,4,6,2,4,Objective-C,42778,1,818
129,https://github.com/mozilla-mobile/firefox-ios/commit/95cdde6bf110e3d0aca30798fa18906039165eac,ios,167,463,c8660ee6c,a68aa1e8e,95cdde6bf,2016-02-11T15:13:08Z,7,1519,0,1519,5595.730159,875,9807.656085,512,8,5,3,Swift,175407,67,466
130,https://github.com/colloquy/colloquy/commit/1365614b3a382acd40c2f3a371e67af985ba9e15,ios,2,4,f211021f,4db5d8b5,1365614b,2009-07-27T13:27:10Z,0,1885,258,1627,1627.454717,0,1803.69434,0,51,7,44,Objective-C,163599,1,2346
131,https://github.com/colloquy/colloquy/commit/fc1500c4c6b10400dbf6efaa884b40e55a3078f2,ios,25,178,3c3434df,5b5bebd9,fc1500c4,2005-03-13T05:03:34Z,0,115,3,112,1656.154354,8,1459.585752,4,107,24,83,Objective-C,40647,1,749
132,https://github.com/herzbube/littlego/commit/ecb17a845d5bc3b476369461e94f2c89925ab046,ios,9,710,37a5f49,616bd6a,ecb17a8,2013-02-24T22:54:10Z,13,97,40,57,312.1953353,0,211.5597668,0,40,18,22,Objective-C,30847,1,763
133,https://github.com/colloquy/colloquy/commit/f4eba1c8c53d8cbebaa0534013acc3299b69cb2c,ios,0,0,44e49687,44e49687,f4eba1c8,2005-02-14T03:58:30Z,0,0,0,0,1673.782152,9,1467.703412,5,40,21,19,Objective-C,36497,1,722
134,https://github.com/colloquy/colloquy/commit/66405a4299b8de61d9404496078bb62fc4dd0c99,ios,245,678,841407c5,57f6b135,66405a42,2005-11-06T19:27:30Z,0,637,39,598,1654.266575,4,1474.131215,2,28,14,14,Objective-C,49993,1,987
135,https://github.com/kiliankoe/ParkenDD/commit/66a3ae8b9362739c401d05171c8f0488f8fa3dab,ios,7,7,551efe6,551efe6,66a3ae8,2015-04-07T20:49:08Z,2,52,6,46,390.1974249,0,276.6609442,0,2,1,1,Swift,999,1,79
136,https://github.com/colloquy/colloquy/commit/13091372a8164add1ce89f703013db29b73b0764,ios,16,952,2bf42445,9218e16d,13091372,2005-10-23T07:32:56Z,0,626,38,588,1655.168044,4,1470.807163,2,496,225,271,Objective-C,49940,1,973
137,https://github.com/colloquy/colloquy/commit/7abf36309c3af02a2587da7c156931230781e636,ios,2,2,3b5f42d4,3b5f42d4,7abf3630,2013-01-24T02:28:44Z,0,3113,443,2670,1841.695402,0,2613.387931,0,4,1,3,Objective-C,209108,1,3623
138,https://github.com/mozilla-mobile/firefox-ios/commit/8f8b8c10327c39de415962fc54d1704add5c4906,ios,62,277,484df0b68,f9edb2614,8f8b8c103,2016-02-01T22:13:53Z,3,1486,0,1486,5572.421053,878,9759.873684,514,35,29,6,Swift,174973,67,456
139,https://github.com/colloquy/colloquy/commit/e06e6346651f44c770161619690df7e9094185a5,ios,0,0,f79b972e,f79b972e,e06e6346,2005-02-14T03:23:13Z,0,0,0,0,1673.782152,9,1467.703412,5,5,1,4,Objective-C,36500,1,722
140,https://github.com/colloquy/colloquy/commit/c78736941d7eecd0e0624c8e11ac4331528d8a13,ios,370,370,2962169e,2962169e,c7873694,2005-01-09T18:47:19Z,0,0,0,0,1694.100391,10,1478.449804,5,17,8,9,Objective-C,32163,1,686
141,https://github.com/mozilla-mobile/firefox-ios/commit/3e2438fc62d7c2ef778b8bdd47541c11020a2cfa,ios,374,374,f4e51bcbb,f4e51bcbb,3e2438fc6,2016-11-16T14:41:44Z,62,2233,0,2233,6670.201342,832,12224.02013,529,2,1,1,Swift,421147,67,745
142,https://github.com/colloquy/colloquy/commit/fe65423dd7aca3b0e3d28d23ca9709e111ec8790,ios,6,6,6a61a26d,6a61a26d,fe65423d,2010-07-03T06:33:28Z,0,2347,347,2000,1707.06639,0,1962.804979,0,2,1,1,Objective-C,174155,1,2687
143,https://github.com/herzbube/littlego/commit/cf6e6d2c3403842ef2f7548a03d749ad8ca10b06,ios,13,13,c6eb1a7,c6eb1a7,cf6e6d2,2014-05-29T23:16:38Z,18,207,76,131,221.3129496,0,117.7446043,0,8,4,4,Objective-C,35488,1,1222
144,https://github.com/mozilla-mobile/firefox-ios/commit/eea5117f1fbff2119bd6479cb5a97e24ea5b185f,ios,86,86,3cddf1c8c,3cddf1c8c,eea5117f1,2016-06-08T20:12:26Z,44,1896,0,1896,5892.837209,815,10656.99419,502,16,8,8,Swift,414520,67,584
145,https://github.com/colloquy/colloquy/commit/eefff034f7453b51347171cc460393f2ef1e3f96,ios,0,0,9932d19c,9932d19c,eefff034,2004-04-17T13:08:18Z,0,0,0,0,1668.870968,17,1434.765509,9,7,2,5,Objective-C,19236,1,419
146,https://github.com/colloquy/colloquy/commit/58d2c3d8affe54b227b5afa8fb5b8d2c6af9983c,ios,0,2,d66314d3,8f368787,58d2c3d8,2004-09-19T16:05:57Z,0,0,0,0,1676.537676,13,1456.489144,6,70,47,23,Objective-C,29061,1,574
147,https://github.com/colloquy/colloquy/commit/03c71c86e1087b13fa2d50319c514ccd92aa89b8,ios,1187,1187,488509be,488509be,03c71c86,2007-03-10T08:15:17Z,0,1232,132,1100,1700.955725,1,1517.280916,1,9,1,8,Objective-C,58005,1,1476
148,https://github.com/colloquy/colloquy/commit/517dca174d77fb89f90e6381d30209c6cfc4c02c,ios,8,561,a9d2b789,21e95cee,517dca17,2005-07-10T16:24:43Z,0,502,27,475,1655.668016,5,1454.62753,3,97,39,58,Objective-C,45591,1,868
149,https://github.com/herzbube/littlego/commit/313aa46c7983bd9af7bc197c90d541b1a8e31e73,ios,16,566,2200907,64c333d,313aa46,2013-02-24T18:29:08Z,13,97,40,57,312.1953353,0,211.5597668,0,103,52,51,Objective-C,30457,1,763
150,https://github.com/colloquy/colloquy/commit/d0097d1fefcd82d1dfdfeaf759be23f78f64b00c,ios,43,184,bf4548a7,4527bcea,d0097d1f,2004-07-02T14:25:37Z,0,0,0,0,1670.567296,15,1446.874214,7,12,3,9,Objective-C,25753,1,495
151,https://github.com/herzbube/littlego/commit/efb2e8f21ec346826f193aa3cbad4560d04e35b7,ios,36,36,9958843,9958843,efb2e8f,2014-08-10T14:29:12Z,18,239,87,152,171.1947566,0,73.35205993,0,16,1,15,Objective-C,36727,1,1295
152,https://github.com/colloquy/colloquy/commit/af65bc0f51e379791ae6356f58e236141d7ce338,ios,1,78,6387dc3e,fce73b71,af65bc0f,2014-11-28T05:32:45Z,0,3427,487,2940,2341.448413,0,3346.440476,0,16,6,10,Objective-C,184619,1,4296
153,https://github.com/herzbube/littlego/commit/635051c0201637ebb53ed142adc49a5c68d6ff9f,ios,26,419,5340832,af99025,635051c,2014-05-30T20:14:29Z,18,207,76,131,221.3129496,0,117.7446043,0,7,2,5,Objective-C,35574,1,1223
154,https://github.com/colloquy/colloquy/commit/95b606278686e528ad90e2eca4b1d81525de701b,ios,139,139,2cfd0a6e,2cfd0a6e,95b60627,2004-04-17T21:27:36Z,0,0,0,0,1668.870968,17,1434.765509,9,8,1,7,Objective-C,19274,1,419
155,https://github.com/colloquy/colloquy/commit/c4e33a5847f394a39fd6a7be40b04fb146b779e6,ios,7,7,3b8f5931,3b8f5931,c4e33a58,2007-01-09T05:10:31Z,0,1169,112,1057,1695.92911,2,1505.656109,1,41,1,40,Objective-C,53890,1,1416
156,https://github.com/zgrossbart/bridges/commit/9052f8034bd15a605ec703a8207757c6f1e9d57b,ios,4,12,116c760,b7036b5,9052f80,2012-09-14T14:46:22Z,0,0,0,0,3504.433243,0,356.2152589,0,118,41,77,Objective-C,52323,1,19
157,https://github.com/kiliankoe/ParkenDD/commit/a9f893a9f0f945b1ec9b81b4337ef1cf22f94f9c,ios,0,2,e9e43b9,a079614,a9f893a,2015-10-27T17:11:16Z,8,132,18,114,212.9460784,0,37.6127451,0,61,51,10,Swift,2051,3,282
158,https://github.com/colloquy/colloquy/commit/44a91b5ffad73cce56b87d12a9aa7e873a136ff1,ios,0,214,e994c104,2e0f5903,44a91b5f,2009-06-25T00:41:42Z,0,1842,250,1592,1627.099065,0,1794.792523,0,82,42,40,Objective-C,161539,1,2314
159,https://github.com/herzbube/littlego/commit/8ad11bdb7623b8138bca55ef65d95c7fd7d54bf9,ios,12,276,b594185,716d923,8ad11bd,2011-12-17T22:28:43Z,6,0,0,0,423.1256158,0,269.8226601,0,162,48,114,Objective-C,17267,1,328
160,https://github.com/colloquy/colloquy/commit/73a3d2d1cfd154cf55b602f8ccc3995b2d5ac15d,ios,104,289,3c3434df,9fcbefd0,73a3d2d1,2005-07-03T00:17:40Z,0,493,26,467,1654.489218,5,1453.559299,3,100,92,8,Objective-C,42573,1,861
161,https://github.com/colloquy/colloquy/commit/f3eecdd9f79f169b281229834c125e9f3f4d5ef6,ios,1,27,8e672c57,3c3434df,f3eecdd9,2004-09-17T23:39:43Z,0,0,0,0,1676.404337,13.5,1455.590561,6,12,3,9,Objective-C,28826,1,572
162,https://github.com/colloquy/colloquy/commit/0886c86b2295e7b29a01af0e915d4e4fc0ce7378,ios,28,236,3efe87ee,cac406f8,0886c86b,2004-05-11T03:20:24Z,0,0,0,0,1671.871571,16.5,1440.082294,9,15,6,9,Objective-C,20622,1,443
163,https://github.com/ChatSecure/ChatSecure-iOS/commit/92e5b9546770c90bd2972530f3dfae42c692b8e3,ios,7,820,7c1fff99,565bb261,92e5b954,2016-07-02T00:48:19Z,26,525,58,467,454.8994083,89,272.3017751,51,125,59,66,Objective-C,24017,7,1791
164,https://github.com/colloquy/colloquy/commit/0e54db8d5fe692ed6a534fae73f752601a05297e,ios,17,96,90900032,2d80038e,0e54db8d,2005-09-11T20:53:00Z,0,576,31,545,1666.178962,4.5,1466.587432,3,9,4,5,Objective-C,46905,1,931
165,https://github.com/colloquy/colloquy/commit/b47cc2e49d89ea31d1e1a82c5dac072e8cb8b637,ios,0,633,bda72008,7471ce19,b47cc2e4,2010-04-08T01:07:29Z,0,2236,330,1906,1679.439271,0,1921.540486,0,143,77,66,Objective-C,171909,1,2601
166,https://github.com/Lyndir/Gorillas/commit/c6ad3779fe906883091b21ef8698a2a7d3597da5,ios,1,210,db5c42c,dded3d9,c6ad377,2009-07-01T22:34:49Z,0,0,0,0,123.3127341,0,124.3483146,0,362,171,191,Objective-C,7122,1,213
167,https://github.com/colloquy/colloquy/commit/2753c2e67d0931dc61baccd3957dec3be85764c3,ios,1,1,7caf5151,7caf5151,2753c2e6,2005-01-19T03:29:24Z,0,0,0,0,1694.144909,9.5,1479.908616,5,136,59,77,Objective-C,32913,1,696
168,https://github.com/mozilla-mobile/firefox-ios/commit/d4477322948f9cc448b7a120498438f7bb78635b,ios,80,389,d35372b2f,6d9555a5b,d44773229,2016-06-21T20:04:18Z,46,1920,0,1920,5955.6,816,10781.42941,508.5,36,18,18,Swift,415477,67,597
169,https://github.com/colloquy/colloquy/commit/8555dac651e5ab32cbd41e8192269f18f983f2a6,ios,0,528,8fb1e15a,cf6d422b,8555dac6,2004-08-04T23:18:54Z,0,0,0,0,1672.311392,15,1450.363291,6,18,9,9,Objective-C,27504,1,528
170,https://github.com/aslanyanhaik/Quick-Chat/commit/11fa08fec9b11e5a51d7fe9fd68d4c1d6f941d06,ios,0,43,649ae24,29d163d,11fa08f,2016-12-10T13:18:52Z,0,0,0,0,293.0684932,0,261.1027397,0,126,26,100,Swift,10503,1,125
171,https://github.com/colloquy/colloquy/commit/82ffa9a54c49a182b0ef92abce8e878f1e3a98fa,ios,14,14,c813849c,c813849c,82ffa9a5,2009-05-03T18:34:41Z,0,1790,239,1551,1611.594096,1,1775.658672,0.5,9,2,7,Objective-C,160395,1,2261
172,https://github.com/Lyndir/Gorillas/commit/ecda404a0c7ca982ba9a7b20f10fd677325310e2,ios,0,2,db5c42c,1c32e2a,ecda404,2008-12-06T13:24:16Z,0,0,0,0,176.9060284,0,154.998227,0,2342,609,1733,Objective-C,2471,1,6
173,https://github.com/zgrossbart/bridges/commit/32c6e11e42264f2a7e76d69bc85155dfbcd87acf,ios,0,40,40cd0ba,1951b23,32c6e11,2012-10-11T15:29:45Z,0,0,0,0,3458.126722,0,301.9366391,0,47,22,25,Objective-C,58669,1,46
174,https://github.com/zgrossbart/bridges/commit/71c61804f6f820a89c05df01bc670052dd342525,ios,21,21,65a2682,65a2682,71c6180,2012-11-12T18:48:50Z,0,0,0,0,1715.374302,0,144.8994413,0,2,1,1,Objective-C,67134,1,78
175,https://github.com/ChatSecure/ChatSecure-iOS/commit/72352c75103b889179d85da85e99c2725891d6ee,ios,18,1001,7af7990c,3d5a6255,72352c75,2016-12-28T21:40:26Z,27,636,90,546,419.9090909,68,261.7482517,32,103,51,52,Objective-C,27223,7,1970
176,https://github.com/Lyndir/Gorillas/commit/a778b468769d47f7cad1c824eddc1dfe7d8900f9,ios,0,35,db5c42c,fcc67d4,a778b46,2009-06-25T21:06:21Z,0,0,0,0,131.8897196,0,130.8373832,0,416,288,128,Objective-C,4019,1,207
177,https://github.com/colloquy/colloquy/commit/39ad7ed1995cfa285c946fc37ca18b9d00642816,ios,13,973,8fb1e15a,0a4439b9,39ad7ed1,2005-10-23T19:29:03Z,0,626,38,588,1655.168044,4,1470.807163,2,101,31,70,Objective-C,49995,1,973
178,https://github.com/colloquy/colloquy/commit/cafe4911b29fc08ea706d9732abb05891b3f06fb,ios,270,270,ea479fa0,ea479fa0,cafe4911,2010-05-10T01:34:39Z,0,2261,336,1925,1687.977505,0,1937.169734,0,2,1,1,Objective-C,173208,1,2633
179,https://github.com/colloquy/colloquy/commit/31273e348856526c8b2d75d70b371f3a1ed197d8,ios,135,135,b0277dfc,b0277dfc,31273e34,2004-04-14T15:09:58Z,0,0,0,0,1668.870968,17,1434.765509,9,4,2,2,Objective-C,18971,1,416
180,https://github.com/colloquy/colloquy/commit/51bb874cd2fe3ad39c92d876afd981f4954e7ee9,ios,45,1029,8fb1e15a,68adad4a,51bb874c,2005-12-18T19:23:22Z,0,686,43,643,1600.318942,4,1424.384401,2.5,239,78,161,Objective-C,50099,1,1029
181,https://github.com/mozilla-mobile/firefox-ios/commit/d1a84ba96662e7626283538adc996aff713de8c9,ios,145,145,55332ba09,55332ba09,d1a84ba96,2016-06-08T20:13:44Z,44,1896,0,1896,5892.837209,815,10656.99419,502,4,2,2,Swift,414520,67,584
182,https://github.com/colloquy/colloquy/commit/e2f8e3fac302ba153dd21de44fd687c788ed2dba,ios,256,767,0daae53e,f79b972e,e2f8e3fa,2005-10-28T03:59:26Z,0,628,38,590,1655.168044,4,1470.807163,2,29,18,11,Objective-C,49988,1,978
183,https://github.com/ChatSecure/ChatSecure-iOS/commit/893b0823749847ea87383ce560553cae8ca132fb,ios,337,1653,ec331bfa,9002d47d,893b0823,2016-03-18T00:52:17Z,23,453,44,409,438.9673913,118.5,271.1521739,54,37,7,30,Objective-C,24215,7,1685
184,https://github.com/mozilla-mobile/firefox-ios/commit/73cfbcc17b21990f30990d0e0fa953bf1a17970e,ios,123,296,c8660ee6c,c5d488fdd,73cfbcc17,2015-08-28T22:15:54Z,3,991,0,991,8457.492958,1003,8813.220657,546,6,5,1,Swift,161210,50,299
185,https://github.com/herzbube/littlego/commit/d64c9d96420ad845131ab682eda7e5cc51eee3ef,ios,22,52,9ae4d5e,5eb2112,d64c9d9,2013-12-06T22:51:44Z,17,187,70,117,233.310231,0,146.5841584,0,10,5,5,Objective-C,35570,1,1048
186,https://github.com/colloquy/colloquy/commit/6d92d2fd155e5557384f2003bd1698a1f092bbc1,ios,664,664,f79b972e,f79b972e,6d92d2fd,2006-12-10T19:26:55Z,0,1139,104,1035,1694.068966,2,1501.497751,1,133,37,96,Objective-C,52192,1,1386
187,https://github.com/colloquy/colloquy/commit/bf79c4d5b33e76e8730e5878cc9bb92724e7ce82,ios,13,75,f79b972e,66a6fb7a,bf79c4d5,2005-04-30T16:29:07Z,0,308,15,293,1663.710106,6,1466.442819,4,55,29,26,Objective-C,41725,1,797
188,https://github.com/herzbube/littlego/commit/55342cbde9b30a6523b12fc0b21cafe1c6c8981d,ios,149,149,515028f,515028f,55342cb,2011-08-17T21:14:00Z,1,0,0,0,495.356974,0,290.1040189,0,2,1,1,Objective-C,6761,1,206
189,https://github.com/herzbube/littlego/commit/db788ef8332b67f6c9cc5e340397d135b57324a2,ios,1,1,202a397,202a397,db788ef,2014-08-10T13:59:07Z,18,239,87,152,171.1947566,0,73.35205993,0,6,3,3,Objective-C,36720,1,1295
190,https://github.com/colloquy/colloquy/commit/11904bc41fb7bd47797f4d0f19d76fc349c7b133,ios,0,303,3c3434df,9599fe72,11904bc4,2005-07-16T19:53:39Z,0,510,27,483,1655.668016,5,1454.62753,3,28,13,15,Objective-C,45674,1,874
191,https://github.com/mozilla-mobile/firefox-ios/commit/f9a843273d507869d5d53c06ae236dfa6e1e76d1,ios,16,16,c5d488fdd,c5d488fdd,f9a843273,2015-05-13T17:43:50Z,0,461,0,461,11804.57456,1078,11288.76316,572.5,6,3,3,Swift,53367,32,192
192,https://github.com/colloquy/colloquy/commit/f98728de5e7da585776328a4436e4b5d8b2cb5c0,ios,5,5,bda72008,bda72008,f98728de,2008-07-18T23:51:00Z,0,1467,178,1289,1569.378425,1,1681.700342,1,4,1,3,Objective-C,148676,1,1972
193,https://github.com/codecombat/codecombat-ios/commit/5c95e4ec4124f04897e2ae592577f1e2f6d44a74,ios,0,33,ad096d2,7398562,5c95e4e,2014-09-09T04:40:06Z,0,36,30,6,68.60076046,0,44.34220532,0,125,38,87,C,30395,2,37
194,https://github.com/colloquy/colloquy/commit/e1cd7932ea6bb30a21ecf76f6c1cfe36a2532a81,ios,2,101,cb7a85bb,e8893990,e1cd7932,2004-04-17T01:54:30Z,0,0,0,0,1668.870968,17,1434.765509,9,112,33,79,Objective-C,19114,1,419
195,https://github.com/colloquy/colloquy/commit/7bae98a71ebb8f891e0686c96fb55a24240c7fae,ios,152,987,8fb1e15a,fdffafe0,7bae98a7,2005-11-06T20:17:52Z,0,637,39,598,1654.266575,4,1474.131215,2,116,53,63,Objective-C,49999,1,987
196,https://github.com/colloquy/colloquy/commit/dac56c7d619c76dd43a78428033e25672b370c33,ios,0,0,00f473f3,00f473f3,dac56c7d,2004-04-17T12:46:01Z,0,0,0,0,1668.870968,17,1434.765509,9,26,22,4,Objective-C,19216,1,419
197,https://github.com/colloquy/colloquy/commit/44d0fc0c7ccc2f908291e451d32143d3f4b8df36,ios,7,7,b571176d,b571176d,44d0fc0c,2015-01-06T02:18:37Z,0,3458,487,2971,2367.227642,0,3409.121951,0,5,2,3,Objective-C,186557,1,4335
198,https://github.com/colloquy/colloquy/commit/a128f9a851e0dbf5d43151643694d85c35ee26f2,ios,30,273,7a1170a2,3fb1b461,a128f9a8,2005-05-21T19:26:12Z,0,397,21,376,1663.785047,6,1466.042724,4,34,5,29,Objective-C,42750,1,818
199,https://github.com/colloquy/colloquy/commit/32031f24e3e30c461c530b2113a1a69a2f553a39,ios,516,702,3efe87ee,a8aae415,32031f24,2005-08-20T05:02:47Z,0,558,31,527,1658.144022,5,1459.701087,3,6,4,2,Objective-C,46732,1,909
200,https://github.com/colloquy/colloquy/commit/0ae865ecebbc9a5c2dacd171cce0fac2fd764eef,ios,888,888,5080103f,5080103f,0ae865ec,2013-07-28T08:38:41Z,0,3225,457,2768,1979.495327,0,2825.697819,0,12,1,11,Objective-C,210926,1,3808
201,https://github.com/herzbube/littlego/commit/62bc4f11c67711299272a1875f66ce36c1f56f48,ios,14,14,2195fec,2195fec,62bc4f1,2013-02-08T16:41:39Z,13,92,38,54,329.3699422,0,215.583815,0,4,2,2,Objective-C,29947,1,747
202,https://github.com/mozilla-mobile/firefox-ios/commit/0fba934f99ab385d174c373bbcc609199d03d8df,ios,146,146,55332ba09,55332ba09,0fba934f9,2016-06-07T13:53:49Z,44,1889,0,1889,5892.837209,815,10656.99419,502,4,2,2,Swift,414533,67,583
203,https://github.com/AaronRandall/Megabite/commit/2c6f31bfc1344488ecfe1714a05b3a8a5bdbb07e,ios,0,0,5be7b2c,5be7b2c,2c6f31b,2016-01-02T17:33:55Z,0,0,0,0,92.74358974,0,42.06153846,0,19,10,9,Objective-C,32139,1,69
204,https://github.com/herzbube/littlego/commit/2f46e5ee409aea7457ed45c5eb69307363ca52d7,ios,20,20,56a45da,56a45da,2f46e5e,2013-04-19T22:32:33Z,14,127,51,76,286.2857143,0,185.3958333,0,2,1,1,Objective-C,31376,1,817
205,https://github.com/colloquy/colloquy/commit/37628a23d583ad85daea4d8e7e3d4e19707e8242,ios,1528,1967,5c607e8c,aa6e22a0,37628a23,2009-08-31T02:53:27Z,0,2005,277,1728,1623.03619,0,1818.860952,0,10,4,6,Objective-C,170340,1,2381
206,https://github.com/colloquy/colloquy/commit/f48ffaf7998c4d4095632f8dcaf40c0b2e381014,ios,269,290,8fb1e15a,468b2ee2,f48ffaf7,2003-12-10T13:50:04Z,0,0,0,0,1666.774272,20,1429.634709,12.5,28,15,13,Objective-C,26834,1,290
207,https://github.com/colloquy/colloquy/commit/7141ae3125777c73f6a8c06354046aa4a1d82090,ios,1,1,0b76d95b,0b76d95b,7141ae31,2009-01-27T02:52:39Z,0,1653,204,1449,1586.845324,1.5,1735.406475,1,11,4,7,Objective-C,157436,1,2165
208,https://github.com/colloquy/colloquy/commit/9f55db243e6140958db99ea3fb94093cfc386fc7,ios,5,5,aba61bad,aba61bad,9f55db24,2010-01-22T01:16:36Z,0,2168,311,1857,1653.586139,0,1886.932673,0,5,1,4,Objective-C,170511,1,2525
209,https://github.com/mozilla-mobile/firefox-ios/commit/83145bbcbe5ac6674be32229617b4cb23868f44b,ios,54,111,ad68d193e,2a56cddf5,83145bbcb,2016-03-16T14:24:46Z,20,1630,0,1630,5621.184783,835.5,10013.21739,506,113,53,60,Swift,405602,67,500
210,https://github.com/colloquy/colloquy/commit/618c3a546fa70e0999b8b553fc3c6463abbd60f0,ios,623,623,f543c790,f543c790,618c3a54,2010-08-08T15:25:09Z,0,2384,351,2033,1727.569328,0,1986.644958,0,4,1,3,Objective-C,174162,1,2723
211,https://github.com/colloquy/colloquy/commit/44a3c1e31ab8ad53ad5d0ea5d4d221871d9cadfa,ios,0,504,520df34f,13091372,44a3c1e3,2005-10-23T19:26:12Z,0,626,38,588,1655.168044,4,1470.807163,2,63,15,48,Objective-C,49969,1,973
212,https://github.com/herzbube/littlego/commit/431d8464b803f79c3202661b2d95ef3bc044b504,ios,117,117,25a4410,25a4410,431d846,2014-08-02T18:25:58Z,18,224,81,143,178.2453532,0,75.9070632,0,2,1,1,Objective-C,36213,1,1287
213,https://github.com/colloquy/colloquy/commit/cc88a3bd928747d218369dea030bd24d1c9b2b5d,ios,2,15,52f3d315,28c57745,cc88a3bd,2009-01-10T02:31:30Z,0,1574,190,1384,1588.391771,2,1733.561717,1,64,25,39,Objective-C,156770,1,2148
214,https://github.com/mozilla-mobile/firefox-ios/commit/1e43f69dc00376ddad9f199ae565bc5eca6a3043,ios,54,111,ad68d193e,2a56cddf5,1e43f69dc,2016-03-18T14:03:02Z,20,1640,0,1640,5621.184783,835.5,10013.21739,506,113,53,60,Swift,405501,67,502
215,https://github.com/mozilla-mobile/firefox-ios/commit/03d48ebda778cef88f535194c16d781464c2d68c,ios,299,425,c02255251,655f7a845,03d48ebda,2016-06-08T13:11:47Z,44,1894,0,1894,5892.837209,815,10656.99419,502,11,4,7,Swift,415127,67,584
216,https://github.com/geometer/FBReaderJ/commit/d46f4389b2b3b22fe9f86cd10bca7aacb71c118e,android,1,850,ab72a293d,1212c4910,d46f4389b,2014-05-29T03:09:42Z,174,201,100,101,598.3848921,0,477.323741,0,18,6,12,Java,207332,7,2426
217,https://github.com/SimpleMobileTools/Simple-Calendar/commit/c44abf295787de4f3e28e6ed9799ac68c365033e,android,237,385,b620a7c2,1d7ba8ee,c44abf29,2018-05-06T08:31:07Z,117,477,39,438,479.6666667,97.5,359.8888889,45.5,21,9,12,Kotlin,19137,26,833
218,https://github.com/Evisceration/DeviceControl/commit/21675b24c370052e011316853380f01fa5244598,android,13,30,6f7ad7cb,9194752,21675b24,2014-03-14T14:08:58Z,0,0,0,0,729.4429066,0,626.7958478,0,317,100,217,Java,12386,6,75
219,https://github.com/geometer/FBReaderJ/commit/3f956fbc516f0d6378ee80a56b40e617752b03d7,android,686,936,9e80acf73,c8a4ad85f,3f956fbc5,2013-03-16T22:59:58Z,102,126,68,58,747.1524927,0,544.9706745,0,5,3,2,Java,184770,7,1987
220,https://github.com/cgeo/cgeo/commit/8664f231f74cff144c8e605614978cc3f0ab81e5,android,105,824,be26c1845,7acfa3b46,8664f231f,2016-07-23T16:36:14Z,96,5851,265,5586,972.4277108,209.5,834.2349398,101.5,42,11,31,Java,148828,47,1840
221,https://github.com/geometer/FBReaderJ/commit/d68eebf52ff98982b4d88c4c832d6654d30397b5,android,1,449,08e5233f6,eebd83104,d68eebf52,2009-03-26T15:54:22Z,0,0,0,0,1948.532847,108,1305.414234,39,127,23,104,Java,31498,6,536
222,https://github.com/owncloud/android/commit/8db0692daf94db68e08d765dcc3e57f0de638d28,android,0,0,0174908b8,0174908b8,8db0692da,2012-04-07T12:53:05Z,0,0,0,0,2130.192308,707,1842.617949,391.5,20,6,14,Java,6975,3,237
223,https://github.com/Evisceration/DeviceControl/commit/07976faa2d7b6ae5de24222525637ebc5df3134c,android,21,21,6f7ad7cb,6f7ad7cb,07976faa,2014-03-04T19:35:29Z,0,0,0,0,794.7931034,0,689.2241379,0,16,8,8,Java,11642,6,65
224,https://github.com/geometer/FBReaderJ/commit/bcba8c9541a31117e282f84da1f40b105d8463e1,android,0,0,ae9155835,ae9155835,bcba8c954,2007-12-16T00:53:12Z,0,0,0,0,2056.986971,97.5,1326.726384,32.5,24,9,15,Java,15515,5,70
225,https://github.com/TheAndroidMaster/Status/commit/80afbd60e903aff0d29c5aa9362f689768467146,android,121,203,aab34fd,6387d67,80afbd6,2017-03-25T16:03:40Z,21,0,0,0,121.9312977,0,91.32824427,0,160,65,95,Java,14695,3,265
226,https://github.com/cgeo/cgeo/commit/07551b71d28d9ed9531b29e3d70c0e39d9f912fe,android,0,0,c041d011c,d74e023d3,07551b71d,2011-08-16T09:40:15Z,0,209,4,205,2131.553191,581,1598.496454,295,12,6,6,Java,39541,17,37
227,https://github.com/cgeo/cgeo/commit/6891e9f55b5e10792dc5de0259ed1b7dddad0969,android,243,1344,4f7c67407,b715a627c,6891e9f55,2015-05-21T12:32:10Z,81,4956,183,4773,1222.013216,313,971.8898678,137,16,11,5,Java,130580,47,1411
228,https://github.com/geometer/FBReaderJ/commit/f495c2e42d588705926849b913abed8762b2b1db,android,1208,1280,ff7fb4ad2,dfece0b38,f495c2e42,2012-10-12T00:27:50Z,84,75,37,38,801.1790634,0,563.261708,0,36,5,31,Java,177203,7,1832
229,https://github.com/SimpleMobileTools/Simple-Camera/commit/44fb913b0e78eb6b9d802810d860fc65b03b0031,android,0,0,1c4543f,1c4543f,44fb913,2018-02-22T16:41:20Z,54,121,10,111,77.40963855,0,60.08433735,0,3,1,2,Kotlin,3551,28,683
230,https://github.com/cgeo/cgeo/commit/837b8ccf4184cac792eb225b28a6e9c557c935df,android,29,1252,a0932683f,f77d0cd26,837b8ccf4,2016-08-11T16:32:12Z,96,5891,272,5619,958.3251534,188,830.9877301,99,37,15,22,Java,149635,47,1859
231,https://github.com/eolwral/OSMonitor/commit/ee1014114cf5adfb7071d0a8d25ed72f8c518644,android,116,216,5c1e1d1,eed72dc,ee10141,2013-12-21T16:43:57Z,0,19,1,18,609.744186,0,1293.006645,0,19,11,8,Java,176100,1,237
232,https://github.com/geometer/FBReaderJ/commit/b90c9cdf5f653728ae5822b262e54665d8c34952,android,20,441,b18e7766f,a4fe1bd71,b90c9cdf5,2013-03-10T19:34:27Z,96,122,66,56,747.1524927,0,544.9706745,0,14,4,10,Java,184698,7,1981
233,https://github.com/geometer/FBReaderJ/commit/0b97ef54f44d6f41477af73331a56e1ef36993c0,android,15,1644,68167fe2b,2d0ec0e1f,0b97ef54f,2013-10-07T14:04:52Z,114,156,83,73,704.5691318,0,528.4598071,0,113,27,86,Java,193333,7,2192
234,https://github.com/cgeo/cgeo/commit/d6da09c7793cd1aa62a9c37912fbe8a2471c78bf,android,689,1160,4a24570ba,14b64ba56,d6da09c77,2016-07-13T16:48:38Z,96,5827,260,5567,973.5568862,210,834.8203593,103,41,12,29,Java,148888,47,1830
235,https://github.com/cgeo/cgeo/commit/821a9a1513e7a1573411e84ae3533d53d4ca3936,android,22,53,3a311f2a4,baf51975f,821a9a151,2011-09-02T18:20:11Z,1,353,8,345,2022.91924,577,1571.745843,292,61,28,33,Java,42592,29,54
236,https://github.com/geometer/FBReaderJ/commit/188160e021008467789a878febe3bb20c9208a8c,android,134,2379,4ca7abf9d,c839d727d,18800000,2014-05-23T20:49:56Z,170,198,99,99,602.2293907,0,478.1577061,0,69,22,47,Java,205857,7,2420
237,https://github.com/cgeo/cgeo/commit/e27d70eba9e22b066735ede0887c1b7caafeabfd,android,148,553,ed0b73b7e,482b0be8d,e27d70eba,2016-11-13T23:46:41Z,103,6125,298,5827,893.738255,153,815.4026846,84,137,37,100,Java,155622,47,1953
238,https://github.com/geometer/FBReaderJ/commit/2e5c911d43a0e2f9caac2ba5fe12437ddd25dc1c,android,0,785,92798677,9d2080af7,2e5c911d4,2014-05-23T21:20:28Z,170,198,99,99,602.2293907,0,478.1577061,0,23,3,20,Java,205873,7,2420
239,https://github.com/geometer/FBReaderJ/commit/e0372da635b46e31a30afe46ca721ac736d52a16,android,17,36,900ae7c7a,fac809994,e0372da63,2007-12-09T16:18:38Z,0,0,0,0,2055.773984,102,1325.585366,33,37,16,21,Java,14620,5,63
240,https://github.com/Evisceration/DeviceControl/commit/19557e7df3dccc5af75db959e513abb81a94d1a6,android,0,110,5c63daf4,9e84cc45,19557e7d,2014-04-23T19:16:24Z,0,0,0,0,628.459364,0,564.8268551,0,505,489,16,Java,20875,6,115
241,https://github.com/owncloud/android/commit/020d2885ce5f923870ff3aed02db98d6e9eb2a48,android,2,101,db0f0001f,0aeb42588,020d2885c,2012-05-15T21:12:07Z,0,0,0,0,2126.382813,705,1843.260417,391.5,768,299,469,Java,8930,3,275
242,https://github.com/cgeo/cgeo/commit/baa14454350d38264906c7433a32056cd880055c,android,143,238,7b432f484,7f0d7a0a1,baa144543,2016-08-28T10:22:10Z,99,5926,276,5650,968.16875,187.5,841.3375,97.5,58,14,44,Java,149764,47,1876
243,https://github.com/TheAndroidMaster/Status/commit/d53520a9c5a045847dbf5494c5cde08eb6d41d29,android,20,99,dfd6c17,203d04b,d53520a,2016-10-15T18:42:12Z,16,0,0,0,153.3896104,0,107.2077922,0,160,39,121,Java,12193,2,104
244,https://github.com/erdemorman/mdx/commit/e062209ab8dc1043f61706793d0e301d919e0640,android,18,33,cc896fd,65e3ad6,e062209,2016-05-23T22:31:06Z,0,0,0,0,0,0,0,0,15,14,1,Java,15185,1,36
245,https://github.com/geometer/FBReaderJ/commit/7fe4e096e1298c49dc3b487a9b0145ff54ac056b,android,284,365,08442edaf,437f3bc40,7fe4e096e,2009-04-12T21:38:20Z,0,0,0,0,1945.686239,102,1300.434862,36,84,28,56,Java,31555,6,553
246,https://github.com/geometer/FBReaderJ/commit/08e5233f68cc1221d833e5533b7a08d3fe93a44e,android,3,86,23c429502,f69845cec,08e5233f6,2008-01-02T11:34:31Z,0,0,0,0,2054.823529,93,1324.674837,31.5,4417,1499,2918,Java,17236,5,87
247,https://github.com/cgeo/cgeo/commit/1bdd50e6a54553264d80e4044b3b5405eb7469d4,android,179,301,2cdcbdd07,34d996bce,1bdd50e6a,2015-05-21T12:15:29Z,81,4956,183,4773,1222.013216,313,971.8898678,137,12,3,9,Java,130584,47,1411
248,https://github.com/connectbot/connectbot//commit/bfac23d58a1260f61de6c69be4e80b2d85e045ac,android,2,422,d6764b77,4031f5d1,bfac23d5,2009-01-16T18:16:48Z,2,0,0,0,540.3405018,0,406.6917563,0,102,40,62,Java,28702,2,2819
249,https://github.com/Tasssadar/MultiROMMgr/commit/915508233ce1e7eeb6269957f443fd57618d2e54,android,0,19,f8a9e61,b253e66,9155082,2013-11-22T19:22:33Z,0,9,0,9,48.27213115,0,23.06229508,0,9,5,4,Java,6586,1,40
250,https://github.com/geometer/FBReaderJ/commit/ed41542d3cdf8d7d2893154f009c30c4fce5a7cd,android,0,117,2eadd95e2,f22794db8,ed41542d3,2008-02-25T01:54:32Z,0,0,0,0,1885.75,80,1275.480132,29.5,91,42,49,Java,19029,5,141
251,https://github.com/cgeo/cgeo/commit/1a8ce016a2aa0956e7d6c35a24e0c4bf9b91e6e9,android,413,1843,3a311f2a4,0a21fc6e3,1a8ce016a,2016-07-27T07:39:46Z,96,5855,268,5587,968.4545455,209,832.6424242,100,88,38,50,Java,148843,47,1844
252,https://github.com/geometer/FBReaderJ/commit/177343e5b37193aeea7cdd77e4ec9b015b8283bc,android,0,70,20a8b14f8,e2680503c,177343e5b,2008-01-06T15:43:54Z,0,0,0,0,2054.918167,93,1324.559738,31,150,77,73,Java,17363,5,91
253,https://github.com/Tasssadar/MultiROMMgr/commit/f1133d3eb04d1b0da458d1cb9af1b60912e352a8,android,14,14,5b03986,5b03986,f1133d3,2013-11-03T01:29:46Z,0,0,0,0,60.71335505,0,27.6742671,0,22,1,21,Java,4025,1,21
254,https://github.com/geometer/FBReaderJ/commit/d0bb36e188ddb236d1b0a9d67996647179a1091b,android,1858,1858,f6dbbef90,f6dbbef90,d0bb36e18,2014-05-24T14:17:37Z,170,198,99,99,602.2293907,0,478.1577061,0,6,1,5,Java,205883,7,2421
255,https://github.com/geometer/FBReaderJ/commit/c9d36a528f5e54f66c2790d18eff265f865ab519,android,198,198,982bbaf81,982bbaf81,c9d36a528,2012-02-21T04:45:06Z,65,33,9,24,1176.467172,0,796.1590909,0,11,1,10,Java,110202,7,1598
256,https://github.com/Evisceration/DeviceControl/commit/19aebef476e23b54626b389352ab61ef83ab07e4,android,0,51,84a3db87,1aebe08a,19aebef4,2014-03-14T18:32:10Z,0,0,0,0,729.4429066,0,626.7958478,0,157,52,105,Java,12428,6,75
257,https://github.com/geometer/FBReaderJ/commit/b63da852779d83d3885617211abac75427535912,android,0,98,d7a6a7261,ed41542d3,b63da8527,2008-02-25T14:45:03Z,0,0,0,0,1885.75,80,1275.480132,29.5,145,34,111,Java,19194,5,141
258,https://github.com/geometer/FBReaderJ/commit/00117fb6768bcc54917b0b4eeb8b4743728a5362,android,1,368,6bdb05485,f0ff15610,00117fb67,2010-05-01T14:29:59Z,0,0,0,0,1577.06721,102,992.5376782,39,113,26,87,Java,80680,7,937
259,https://github.com/geometer/FBReaderJ/commit/b1d8196975e7c0dbc52861ce09185773f4f6e72d,android,3,3,9ac93fbcd,9ac93fbcd,b1d819697,2008-02-24T05:41:13Z,0,0,0,0,1885.75,80,1275.480132,29.5,34,17,17,Java,18842,5,140
260,https://github.com/geometer/FBReaderJ/commit/b0c7cd6ad9b91319d90c575383dae0b304f1ce75,android,16,23,0bcb965de,8a15b513f,b0c7cd6ad,2008-03-25T00:00:39Z,0,0,0,0,1885.623333,71.5,1279.205,28,41,17,24,Java,25774,5,170
261,https://github.com/cgeo/cgeo/commit/8b5b62ee21ea1f84fc372fbba6197b46818ea8c0,android,125,599,7.88E+80,b0be00d3f,8b5b62ee2,2014-11-02T08:36:48Z,70,4454,141,4313,1270.290196,345,964.2235294,174,19,4,15,Java,117008,47,1211
262,https://github.com/geometer/FBReaderJ/commit/c8b0fe0569e15484bc760eda42ac85bd8b64cc8f,android,2,15,048da7507,bdbb275fe,c8b0fe056,2007-12-11T22:30:45Z,0,0,0,0,2055.773984,102,1325.585366,33,39,26,13,Java,15398,5,65
263,https://github.com/geometer/FBReaderJ/commit/b87957fa81e154c75e5559259be89da1843b550e,android,10,16,b457bde1e,510f265f4,b87957fa8,2007-12-11T22:13:34Z,0,0,0,0,2055.773984,102,1325.585366,33,12,3,9,Java,15410,5,65
264,https://github.com/SimpleMobileTools/Simple-Calendar/commit/69fe41829ee630639d9cced810b5ea960dd9f82f,android,1,344,a5a30582,570909dc,69fe4182,2017-11-06T22:58:01Z,99,267,21,246,514.8673469,123,435.3367347,57,34,17,17,Kotlin,17961,26,652
265,https://github.com/cgeo/cgeo/commit/1dda3fc6fcd2711f21fff8e28204757fa99f9861,android,50,50,f5343eac8,f5343eac8,1dda3fc6f,2012-12-16T10:21:51Z,25,2262,47,2215,1546.736544,473,1112.447592,271,4,2,2,Java,75405,47,525
266,https://github.com/Evisceration/DeviceControl/commit/1b8de764659f29f181048370d743164b49aff875,android,2,744,5c63daf4,7e63d067,1b8de764,2016-01-17T22:14:08Z,0,12,3,9,99.97916667,0,112.3802083,0,53,17,36,Java,37833,7,749
267,https://github.com/mapbox/mapbox-android-demo/commit/298ad89b33dac84b48f8f2dbfd0fd33b33a0b063,android,105,201,e533eb9,581b7bd,298ad89,2016-12-13T20:58:01Z,16,183,1,182,1498.475862,198,319.6,25,95,52,43,Java,9226,12,1038
268,https://github.com/raatmarien/red-moon/commit/1c9b7f609f689f0f7edfe3d47ab43d7b51c28e3d,android,0,0,3c9a473,3c9a473,1c9b7f6,2015-06-24T06:57:48Z,0,0,0,0,217.4414414,4,165.8108108,1,4,2,2,Kotlin,1704,2,10
269,https://github.com/cgeo/cgeo/commit/ab7740274e76ee7b5b1dc9217735b7ad5357e269,android,4,53,3a311f2a4,014cc33bd,ab7740274,2011-09-02T19:51:27Z,1,353,8,345,2022.91924,577,1571.745843,292,481,287,194,Java,42488,29,54
270,https://github.com/geometer/FBReaderJ/commit/ff3ea908215a8298e55902c4a67f8d8345f816a1,android,0,1854,8dd12e55d,db9306362,ff3ea9082,2013-01-07T22:43:39Z,92,105,55,50,784.7942857,0,570.1942857,0,351,32,319,Java,180322,7,1919
271,https://github.com/geometer/FBReaderJ/commit/646cf02c84b29f035edceabb5b8c3bfa397b3d56,android,34,83,00dd20c0a,1ab020335,646cf02c8,2008-02-11T11:39:15Z,0,0,0,0,2047.130363,86.5,1319.080858,30,118,35,83,Java,16381,5,127
272,https://github.com/owncloud/android/commit/d4f8391f509b4b211d6742db6db546b80e8277c7,android,4,56,435b31ba4,461364f68,d4f8391f5,2012-07-11T11:51:57Z,0,0,0,0,2156.99734,708.5,1876.396277,396,167,6,161,Java,10947,4,332
273,https://github.com/geometer/FBReaderJ/commit/ab72a293dfd64af44bca93072bb39ec7bc7df9c1,android,2,1512,d06b2cefc,277fe6cbe,ab72a293d,2012-01-29T03:14:25Z,60,32,9,23,1355.696742,0,807.2706767,0,231,83,148,Java,109320,7,1575
274,https://github.com/geometer/FBReaderJ/commit/f5d330f1b43946241f1b760f37e64d9796c93cf7,android,0,1414,08442edaf,4bd0341cb,f5d330f1b,2012-02-26T03:53:26Z,65,36,11,25,1142.488608,0,796.478481,0,139,42,97,Java,154418,7,1603
275,https://github.com/geometer/FBReaderJ/commit/d5a702052f8528a83a9b829eec2360cc7000a47b,android,96,96,bf559f0e4,bf559f0e4,d5a702052,2014-05-23T23:25:46Z,170,198,99,99,602.2293907,0,478.1577061,0,14,5,9,Java,205877,7,2420
276,https://github.com/eolwral/OSMonitor/commit/964e27cd8bf51a7e8b20a32c8f41183d6ddae97b,android,25,25,978a4f1,978a4f1,964e27c,2014-05-25T08:36:55Z,0,35,7,28,348.8776978,0,1261.719424,0,6,3,3,Java,200444,2,392
277,https://github.com/Evisceration/DeviceControl/commit/f4e4a80e04fe0de25a7a66b690740e0f9cba67dc,android,0,518,5c63daf4,97d5c813,f4e4a80e,2015-06-06T11:55:07Z,0,11,3,8,124.08,0,164.5244444,0,295,123,172,Java,40522,7,524
278,https://github.com/asksven/BetterBatteryStats/commit/a4374c0922ccd148bae16cbf75a403d5aae6fb92,android,10,376,de07c77f,44d23fb9,a4374c09,2018-01-06T10:13:07Z,142,818,56,762,98.76666667,0,109.5333333,0,45,29,16,Java,30900,1,391
279,https://github.com/geometer/FBReaderJ/commit/216b946acf98fe0d6727f43ff85a0407f5741688,android,1,25,8dd12e55d,96026c669,216b946ac,2008-01-05T21:20:25Z,0,0,0,0,2054.823529,93,1324.674837,31.5,483,239,244,Java,17403,5,90
280,https://github.com/cgeo/cgeo/commit/6630ac7b85b2726df247c9fefa120e35e79dcd24,android,10,1054,4f7c67407,8048d631e,6630ac7b8,2014-08-04T15:54:57Z,63,4116,106,4010,1270.720149,384,943.8768657,183.5,84,42,42,Java,109645,47,1121
281,https://github.com/geometer/FBReaderJ/commit/d2ad7deeca1810dce72cef4c476b243fd810c592,android,0,64,08ac45f2b,065fbdf46,d2ad7deec,2007-12-13T03:28:13Z,0,0,0,0,2055.773984,102,1325.585366,33,333,108,225,Java,15468,5,67
282,https://github.com/geometer/FBReaderJ/commit/373e4fab28de5aae2b977e65825ab0e56d1eaeb3,android,4,30,4b833c39d,78086e93a,373e4fab2,2007-12-11T23:05:38Z,0,0,0,0,2055.773984,102,1325.585366,33,40,23,17,Java,15395,5,65
283,https://github.com/cgeo/cgeo/commit/9b5502013ea9e3d9d1e48e43a0fba11eb7a3c6bb,android,561,916,624876a77,8d8a9d9a5,9b5502013,2016-07-22T21:42:53Z,96,5850,265,5585,972.4277108,209.5,834.2349398,101.5,33,14,19,Java,148807,47,1839
284,https://github.com/geometer/FBReaderJ/commit/a1b19524a47b7c2f6ab2d634bf1b94e84946ea50,android,1,348,08442edaf,eebd83104,a1b19524a,2009-03-27T08:19:19Z,0,0,0,0,1948.532847,108,1305.414234,39,257,112,145,Java,31510,6,537
285,https://github.com/geometer/FBReaderJ/commit/c765fa9b5ea859c147a025d4ecf6adec021e030e,android,153,613,acdfd1fdc,aa4791db4,c765fa9b5,2012-09-16T10:49:41Z,82,71,34,37,795.5546448,0,558.8442623,0,69,13,56,Java,176933,7,1806
286,https://github.com/Evisceration/DeviceControl/commit/db56b32af432f8106de1cf5c13733da8adcabff7,android,3,31,977bb7e8,41df1f64,db56b32a,2014-04-01T10:07:04Z,0,0,0,0,653.9825175,0,577.3811189,0,746,256,490,Java,15294,6,93
287,https://github.com/raatmarien/red-moon/commit/3c9a473cac60de154d1246c89027181621e23c3b,android,0,4,8f3f3c5,84c0f77,3c9a473,2015-06-24T06:56:06Z,0,0,0,0,217.4414414,4,165.8108108,1,148,110,38,Kotlin,1703,2,10
288,https://github.com/cgeo/cgeo/commit/0ffc68892d75a9d6570354d0f04b0cfda7d978cd,android,6,160,3a311f2a4,e2786b435,0ffc68892,2011-12-18T10:42:19Z,12,900,20,880,1607.02963,532,1109.25679,284,136,65,71,Java,57251,39,161
289,https://github.com/geometer/FBReaderJ/commit/aef86442f38fd3b5229b32c893a34759abd4aee3,android,0,63,23c429502,9ac4d6bad,aef86442f,2007-12-09T19:21:27Z,0,0,0,0,2055.773984,102,1325.585366,33,179,76,103,Java,14965,5,63
290,https://github.com/geometer/FBReaderJ/commit/8531c44dc5a1f84d9f7b1b1dd95b4b26917de24e,android,0,1407,2b41a177b,7b618877d,8531c44dc,2013-03-09T17:48:36Z,96,121,66,55,745.3654971,0,543.6578947,0,125,81,44,Java,184688,7,1980
291,https://github.com/connectbot/connectbot//commit/540c693d2c0fdd10426468de6b66982d02a3ec91,android,2,61,cbf1af86,02b5d6cd,540c693d,2008-10-28T06:32:12Z,0,0,0,0,559.6660808,0,406.3391916,0,4,3,1,Java,19009,2,2739
292,https://github.com/cgeo/cgeo/commit/ccb34a3271cf4fe2be23e57829df84efa307062b,android,276,687,815ee2507,8e4116bc4,ccb34a327,2016-07-26T08:47:07Z,96,5854,268,5586,968.4545455,209,832.6424242,100,6,2,4,Java,148834,47,1843
293,https://github.com/geometer/FBReaderJ/commit/4e59beb0e9e8b25237c83f909ab3b33159ae768d,android,526,526,c232934e7,c232934e7,4e59beb0e,2011-12-02T21:20:26Z,53,17,1,16,1353.526961,4,799.5759804,1.5,9,2,7,Java,103374,7,1517
294,https://github.com/SimpleMobileTools/Simple-Camera/commit/b94d7305eafc43a7174ca73b8905c2b0239061bf,android,0,256,1095ed5,9aa7935,b94d730,2017-12-01T13:27:15Z,48,98,8,90,85.48421053,1,67.47368421,0,57,28,29,Kotlin,3332,28,600
295,https://github.com/cgeo/cgeo/commit/1e983fc9c4cb324d8a541eaee81a0c8f6802152c,android,38,1731,4f7c67407,129603733,1e983fc9c,2016-06-11T07:04:19Z,96,5780,257,5523,962.6337209,218.5,819.3372093,106,199,80,119,Java,150117,47,1798
296,https://github.com/geometer/FBReaderJ/commit/b5ca143a942cf6fbd17d656d95aa179784c3fc02,android,256,256,fab9fe442,fab9fe442,b5ca143a9,2014-02-24T00:59:06Z,142,185,92,93,647.3195876,0,476.5704467,0,28,15,13,Java,197436,7,2332
297,https://github.com/geometer/FBReaderJ/commit/ef496356948f39efdb18dbff92ef8d9df6978932,android,686,686,6df63fb60,6df63fb60,ef4963569,2010-04-05T11:01:08Z,0,0,0,0,1687.226721,108,1096.797571,40.5,6,1,5,Java,76136,7,911
298,https://github.com/geometer/FBReaderJ/commit/202f0a4a47f7e757e74a0b8c39e3028f434fe951,android,0,3,9ac93fbcd,91847a389,202f0a4a4,2008-02-24T06:08:57Z,0,0,0,0,1885.75,80,1275.480132,29.5,29,17,12,Java,18834,5,140
299,https://github.com/bitcoin-wallet/bitcoin-wallet/commit/06b9048809443aeeb2e4a5e7fa7945e70f3197f8,android,518,518,84d0f6e2,84d0f6e2,06b90488,2012-12-07T15:08:37Z,0,1,1,0,338.8591549,73,250.5915493,38,5,2,3,Java,14140,1,642
300,https://github.com/duckduckgo/android/commit/47570f5d846459634312b1ca9d3133e42f96ed77,android,4,4,111ec01,111ec01,47570f5,2018-01-19T19:59:56Z,12,127,2,125,1266.102273,409.5,516.6477273,113.5,94,34,60,Kotlin,21689,7,376
301,https://github.com/bitcoin-wallet/bitcoin-wallet/commit/df4bd6706c299fa589cd7804b4f6d878044c868a,android,484,484,c4bde87a,c4bde87a,df4bd670,2012-11-29T23:54:50Z,0,1,1,0,338.6882022,73,250.5140449,38.5,4,1,3,Java,14112,1,634
302,https://github.com/bitcoin-wallet/bitcoin-wallet/commit/26bfc105048cc3095f73686ce699e4eea6b7c1b0,android,18,264,b98e64d4,c7ba6a1d,26bfc105,2012-11-29T23:54:50Z,0,1,1,0,338.6882022,73,250.5140449,38.5,9,4,5,Java,14111,1,634
303,https://github.com/bitcoin-wallet/bitcoin-wallet/commit/6d6ce57a4bed1eee7a502de959d69656081684a7,android,401,401,d9f996e2,d9f996e2,6d6ce57a,2014-10-02T22:40:53Z,55,138,15,123,274.8269231,41,236.9615385,21,2,1,1,Java,28325,13,1306
304,https://github.com/Kennyc1012/Opengur/commit/759bf90763d28ed9dd9b989246949a206e5da65e,android,3,56,4b4c09e8,dee1cfac,759bf907,2014-09-18T00:05:50Z,0,0,0,0,352.0381679,0,304.2557252,0,2719,177,2542,Java,11859,1,60
305,https://github.com/Kennyc1012/Opengur/commit/0c291e7b97a3a06f02db244ac0005e41c3aa3155,android,2,41,4b4c09e8,aa0dffcb,0c291e7b,2014-09-03T22:51:39Z,0,0,0,0,361.8484848,0,304.9242424,0,639,212,427,Java,9943,1,45
306,https://github.com/naman14/Timber/commit/f6c41b9b9da7c3e6b9667b04b0b946955944e4c0,android,0,203,7870ee4,a53e5dc,f6c41b9,2016-01-01T17:42:54Z,0,110,26,84,69.13333333,0,31.07692308,0,420,150,270,Java,20812,19,208
307,https://github.com/duckduckgo/android/commit/5f1c1005c8e65bf945efd07ab1c9197b2546ed1d,android,27,103,10ce192,e4a3263,5f1c100,2018-06-20T13:56:21Z,41,293,11,282,1225.469697,311.5,501.8636364,113.5,687,284,403,Kotlin,35423,12,528
308,https://github.com/jonasoreland/runnerup/commit/b2d2fcad2569f6e6b16c58b898007a270c0eba3a,android,161,161,ffed7c9f,ffed7c9f,b2d2fcad,2015-01-01T15:11:10Z,35,151,17,134,592.1497976,15,475.8582996,5,47,20,27,Java,32077,14,767
309,https://github.com/wordpress-mobile/WordPress-iOS/commit/735c0106012d13ac63e17e5a4dfbf059823d921e,ios,0,285,de1bf3e92c,a9849a6e14,735c010601,2009-07-09T04:22:02Z,6,0,0,0,11768.35647,2197,12294.25516,1322,74,56,18,Swift,13249,7,354
310,https://github.com/wordpress-mobile/WordPress-iOS/commit/65f1818c4973fad666c5d25dc9e788cb083884ce,ios,0,0,c2a1b18506,c2a1b18506,65f1818c49,2013-05-16T10:19:25Z,37,4,0,4,16991.2741,3529,18192.36145,2012,50,24,26,Swift,84823,13,1761
311,https://github.com/CatchChat/Yep/commit/883e2f8133c1c957344cf41e56586cf6a641098c,ios,0,220,bd590ebd,910e60e2,883e2f81,2015-10-29T13:31:51Z,0,1,0,1,651.6127451,0,461.1813725,0,184,86,98,Swift,26984,2,228
312,https://github.com/mumble-voip/mumble-iphoneos/commit/f23b5398b5b82c0b3aa97bc55b9ff61a5ad3e778,ios,108,108,858b06b,858b06b,f23b539,2012-03-20T02:09:01Z,3,49,7,42,25.32653061,0,55.92857143,0,2,1,1,Objective-C,17943,1,807
313,https://github.com/wordpress-mobile/WordPress-iOS/commit/c583de2d20a77c9f4620351a01e15f29d3eba067,ios,42,42,bad10eae70,bad10eae70,c583de2d20,2012-07-04T10:11:19Z,26,0,0,0,16107.07958,3327,16988.54377,1938,4,2,2,Swift,69075,13,1445
314,https://github.com/wordpress-mobile/WordPress-iOS/commit/15ef2cb4b76c3a4c931ad29ce0e15f67ba036c87,ios,298,298,429977592c,429977592c,15ef2cb4b7,2011-12-13T18:02:14Z,25,0,0,0,15148.39409,3064.5,15956.4532,1900,2,1,1,Swift,67629,13,1241
315,https://github.com/singro/v2ex/commit/77cb19f5be47db17ec4fba2bfe769b840b7b2ead,ios,192,192,fb962bb,fb962bb,77cb19f,2015-09-11T13:13:19Z,0,16,7,9,7.952606635,0,2.341232227,0,100,46,54,Objective-C,24388,6,537
316,https://github.com/thoughtbot/poppins/commit/6ce0fb104bbc59d452b84a09a2d6a7a674ff1cfd,ios,0,28,af8a94b,47d5dfc,6ce0fb1,2014-12-17T21:47:55Z,0,10,0,10,27.18473896,0,31.73493976,0,104,24,80,Objective-C,1638,3,31
317,https://github.com/wordpress-mobile/WordPress-iOS/commit/3f7617bf98647c48f1854e9a446d4328f9c8c548,ios,0,0,6286cb0da7,6286cb0da7,3f7617bf98,2010-10-06T14:20:27Z,13,0,0,0,13388.49359,2656,13992.47009,1638,13,1,12,Swift,32360,10,808
318,https://github.com/wordpress-mobile/WordPress-iOS/commit/9156debea2d93a496771d66b5bf090acd1644f4d,ios,0,379,769a9821cd,fd1addffb8,9156debea2,2010-07-25T16:03:46Z,13,0,0,0,13110.15272,2620.5,13703.00837,1540.5,37,27,10,Swift,21739,9,735
319,https://github.com/wordpress-mobile/WordPress-iOS/commit/53f1086feadc2789b5564027084c8b802700b352,ios,0,0,bad10eae70,bad10eae70,53f1086fea,2012-05-23T16:33:11Z,26,0,0,0,15903.84856,3317,16791.03916,1958,7,7,0,Swift,69886,13,1403
320,https://github.com/irccloud/ios/commit/259d40bf3b843594715d9615d7a5afb4a8a6f57d,ios,3,202,6aa85b17,8ddf25ce,259d40bf,2014-01-24T15:55:03Z,6,126,7,119,534.3952703,109,256.3175676,51,8,7,1,Objective-C,28138,5,341
321,https://github.com/irccloud/ios/commit/14a4dc8992e88f8ba53fcd4916dbdfeaa859709b,ios,1184,1184,db5982a8,db5982a8,14a4dc89,2016-05-23T18:42:04Z,23,237,12,225,502.4022989,70,199.1034483,40.5,31,1,30,Objective-C,49315,7,1191
322,https://github.com/irccloud/ios/commit/0ce3f1c60a82c70e663cc5e15fffe39071fbcd09,ios,0,1687,2e440b0b,2e45cd30,0ce3f1c6,2017-10-13T14:10:50Z,38,243,15,228,371.1176471,32,141.0588235,15,151,117,34,Objective-C,70394,7,1699
323,https://github.com/wordpress-mobile/WordPress-iOS/commit/825aa5eec7506e821df39c6723da81ca7d6fb942,ios,0,689,b9e58fc417,0c5bfc19c7,825aa5eec7,2010-09-07T03:36:57Z,13,0,0,0,13276.8072,2641.5,13877.19915,1589,1083,345,738,Swift,24723,9,779
324,https://github.com/hkalexling/Buck_Tracker/commit/29f8462710db9476a43a58bf4f6d27fd9c400f6d,ios,34,34,2f1d3ca,2f1d3ca,29f8462,2015-11-15T21:06:03Z,2,0,0,0,447.0597015,0,447.4776119,0,27,6,21,Swift,19306,1,49
325,https://github.com/wordpress-mobile/WordPress-iOS/commit/bf4ac8da48e670ae577d768cc7bfb57b971a777d,ios,1101,1101,a1b1de448e,a1b1de448e,bf4ac8da48,2012-07-20T07:34:32Z,26,0,0,0,16177.57333,3340,17066.512,1936,2,2,0,Swift,70107,13,1461
326,https://github.com/mumble-voip/mumble-iphoneos/commit/77a0eacd45fe2375bc4e86abf1c90efae2d848ed,ios,0,652,dd50cf1,2f66cab,77a0eac,2012-02-01T01:24:15Z,2,44,6,38,60.79197995,0,57.06766917,0,13,5,8,Objective-C,10348,1,759
327,https://github.com/MengTo/DesignerNewsApp/commit/74c975b16b0d250962646157d22e780ce072b5ac,ios,56,74,4d253af,4330f24,74c975b,2015-03-17T17:04:20Z,0,98,4,94,11,0,139.5466102,0,22,17,5,Objective-C,22494,1,86
328,https://github.com/MengTo/DesignerNewsApp/commit/cfdbdf93aa644f7f3c460d93252dc598a55b704f,ios,3,5,6de9812,b5ae84e,cfdbdf9,2015-01-19T16:13:44Z,0,1,0,1,179.0860656,0,153.352459,0,29,3,26,Objective-C,3471,1,29
329,https://github.com/wordpress-mobile/WordPress-iOS/commit/ef37cf449ab9d33f8fa489ab7c610f1c3efab5ae,ios,3,939,74194d4651,8fdb946de6,ef37cf449a,2011-02-18T15:37:16Z,18,0,0,0,13815.62138,2731,14519.45657,1691,9,9,0,Swift,62167,12,943
330,https://github.com/CatchChat/Yep/commit/5970cdc81ea524d4edc692c30f301fe6c0bebb52,ios,34,52,4374ee9d,21761289,5970cdc8,2015-12-02T14:39:03Z,0,1,0,1,583.0653266,0,435.8040201,0,21,5,16,Swift,32425,2,262
331,https://github.com/wordpress-mobile/WordPress-iOS/commit/6bded4426fa1156bf3ae0bf2d59387dc76fc0aca,ios,50,538,5322bd9f9f,c10f7736d9,6bded4426f,2012-08-14T21:45:58Z,28,0,0,0,16335.84097,3341,17238.1752,1938,28,12,16,Swift,71114,13,1486
332,https://github.com/irccloud/ios/commit/522af94448495715a3f2d589ff47ee4a8cdd97f2,ios,0,219,ebb7d8ed,1bf8195c,522af944,2017-09-13T16:37:22Z,37,243,15,228,434.3018868,38,158.5849057,15,105,31,74,Objective-C,67256,7,1669
333,https://github.com/wordpress-mobile/WordPress-iOS/commit/d2c71858f78cc8ade4c3462fe300053faec9ce20,ios,0,736,74194d4651,6c5da158de,d2c71858f7,2010-07-30T18:47:30Z,13,0,0,0,13110.15272,2620.5,13703.00837,1540.5,79,38,41,Swift,22628,9,740
334,https://github.com/weiran/Hackers/commit/19ac8d1d406c56bef9b483dbeeff8de5c28c9dc6,ios,5,5,209348c,209348c,19ac8d1,2013-05-08T10:31:42Z,4,0,0,0,594.3723724,0,762.0870871,0,25,10,15,Swift,30833,1,185
335,https://github.com/irccloud/ios/commit/74fc9fec382410307e611bfd91b8b85c2366a4d4,ios,418,1274,9ecfbf58,9944f891,74fc9fec,2017-07-11T12:41:17Z,36,242,14,228,460.373913,49,172.973913,16,133,61,72,Objective-C,64493,7,1605
336,https://github.com/weiran/Hackers/commit/502d60e58353c9e5284494f873fc0b20b093b425,ios,274,277,bf42d07,531124d,502d60e,2013-08-14T06:38:44Z,6,3,0,3,583.1159875,0,604.9968652,0,87,38,49,Swift,5884,2,283
337,https://github.com/breadwallet/breadwallet/commit/840876dc34cee0550e7591e0862cd8e954bbb0aa,ios,0,467,441580b,b904e83,840876d,2015-01-22T08:23:26Z,7,11,0,11,304.2827869,0,156.7213115,0,119,55,64,Objective-C,13146,2,627
338,https://github.com/wordpress-mobile/WordPress-iOS/commit/fd1addffb8f1fd2dd9d7f7e06ba97ecb5b1d2b72,ios,0,730,74194d4651,2ba863005a,fd1addffb8,2010-07-25T02:36:50Z,13,0,0,0,13110.15272,2620.5,13703.00837,1540.5,953,608,345,Swift,21753,9,735
339,https://github.com/bonzoq/hniosreader/commit/ac9313c9c3fca75a8d9dbb6d0e3aa2660872891b,ios,14,157,defe9a3,73a765a,ac9313c,2015-08-19T20:39:47Z,0,11,0,11,0.747663551,0,0.644859813,0,59,33,26,Objective-C,3768,6,283
340,https://github.com/wordpress-mobile/WordPress-iOS/commit/a9bde4e3579f07c31fe3664fdc3b1ba7a7d6805a,ios,17,1392,a516287a70,7bbcd6899b,a9bde4e357,2012-06-27T16:19:23Z,26,0,0,0,16077.33333,3333.5,16955.58995,1948,68,31,37,Swift,68581,13,1438
341,https://github.com/wordpress-mobile/WordPress-iOS/commit/75accec708c9c25481698561d76089978d3b1c3f,ios,0,386,8c034f08fd,5aa1abeeab,75accec708,2010-07-29T15:44:35Z,13,0,0,0,13110.15272,2620.5,13703.00837,1540.5,226,95,131,Swift,22447,9,739
342,https://github.com/wordpress-mobile/WordPress-iOS/commit/027adf8817c55ec50e233ce2d034749aca718d53,ios,3,3,42be051693,42be051693,027adf8817,2011-04-15T08:00:39Z,21,0,0,0,14023.98866,2818,14718.29932,1717,2,1,1,Swift,59770,13,999
343,https://github.com/wordpress-mobile/WordPress-iOS/commit/a7c151b68fff8e335bdce8bc1f770ee12a27f309,ios,9,851,06eaaa5e2b,0c275c949d,a7c151b68f,2012-04-27T10:46:47Z,25,0,0,0,15762.70026,3302,16626.04393,1936,122,55,67,Swift,67461,13,1377
344,https://github.com/wordpress-mobile/WordPress-iOS/commit/93cbf6b2db4a5a169122892656f5a7716527aa3f,ios,178,220,a9849a6e14,38ebbf4309,93cbf6b2db,2010-02-14T00:23:53Z,10,0,0,0,12515.98204,2525,13077.72655,1437,121,22,99,Swift,16499,8,574
345,https://github.com/wordpress-mobile/WordPress-iOS/commit/d217efbde347e3cb06d15f4baad73a71525a1b72,ios,5,32,77771b264b,9446a1cd06,d217efbde3,2012-10-08T15:26:45Z,29,0,0,0,16677.7438,3377,17605.84573,1992,8,6,2,Swift,73002,13,1541
346,https://github.com/wordpress-mobile/WordPress-iOS/commit/d5eb892d949f229325b8c27f0e2ace3270eef741,ios,82,82,a1a24bb6fe,a1a24bb6fe,d5eb892d94,2009-09-09T20:42:44Z,6,0,0,0,11968.2958,2393,12504.86641,1346,215,1,214,Swift,14861,7,416
347,https://github.com/weiran/Hackers/commit/05479b68fb09a2c4204523f7713fbc47ad39149e,ios,1,152,8658df4,d34a261,05479b6,2013-05-06T10:33:08Z,4,0,0,0,594.3723724,0,762.0870871,0,6593,3291,3302,Swift,30826,1,183
348,https://github.com/wordpress-mobile/WordPress-iOS/commit/3b227a9579ce081d93b066af1b3041daf3855e00,ios,0,0,bad10eae70,bad10eae70,3b227a9579,2012-05-23T15:38:51Z,26,0,0,0,15903.84856,3317,16791.03916,1958,5,5,0,Swift,69892,13,1403
349,https://github.com/wordpress-mobile/WordPress-iOS/commit/4846f1e76eca38f63e8b9faf69dab2624c0b510f,ios,179,978,74194d4651,3e2c721f5a,4846f1e76e,2011-03-29T22:50:02Z,20,0,0,0,13992.12415,2818,14692.38375,1717,6,4,2,Swift,58705,13,982
350,https://github.com/wordpress-mobile/WordPress-iOS/commit/48e2705f3501f630b3d395d80d52add864196967,ios,3,102,74194d4651,cf1e002429,48e2705f35,2008-11-03T17:04:42Z,2,0,0,0,11043.38556,1961.5,11536.9243,1193.5,51,18,33,Swift,11263,4,106
351,https://github.com/wordpress-mobile/WordPress-iOS/commit/aee9bb1b7c53454699622f1126787e2ea1607946,ios,66,249,2e26e1c0bc,f53d1396f3,aee9bb1b7c,2011-03-29T23:14:56Z,20,0,0,0,13992.12415,2818,14692.38375,1717,45,4,41,Swift,58739,13,982
352,https://github.com/weiran/Hackers/commit/bd0c39171091776d13b1a0277a1e4a6bd7bdea0c,ios,101,102,c4f80b7,2c3c098,bd0c391,2013-08-14T06:38:17Z,6,3,0,3,583.1159875,0,604.9968652,0,16,8,8,Swift,5870,2,283
353,https://github.com/wordpress-mobile/WordPress-iOS/commit/012ef40bd16e4c3fa200c8dfc0b794abab83692a,ios,1,30,5ee6965b97,2b841aa6b7,012ef40bd1,2012-07-04T23:12:39Z,26,0,0,0,16107.07958,3327,16988.54377,1938,8,4,4,Swift,69121,13,1445
354,https://github.com/CatchChat/Yep/commit/47b2b4980c83086b11166b9fd76dee25f1cf4cc7,ios,0,7,4374ee9d,1e308a04,47b2b498,2015-10-17T20:32:41Z,0,1,0,1,693.5873786,0,488.223301,0,38,7,31,Swift,25661,2,216
355,https://github.com/wordpress-mobile/WordPress-iOS/commit/c2b2f3afa9138f7393574fbeb2eb446f1708f34d,ios,0,803,74194d4651,b3e1327033,c2b2f3afa9,2010-10-05T16:31:20Z,13,0,0,0,13388.49359,2656,13992.47009,1638,189,123,66,Swift,32313,10,807
356,https://github.com/hkalexling/Buck_Tracker/commit/5e6c0f9aa594d32ae798a13180756c951df62c0c,ios,7,32,2f1d3ca,a4cb197,5e6c0f9,2015-11-13T22:19:49Z,1,0,0,0,445.8910891,0,445.4158416,0,127,25,102,Swift,19230,1,47
357,https://github.com/wordpress-mobile/WordPress-iOS/commit/aa3b13fb523992800e6320689489cc78daefcff6,ios,26,938,a516287a70,406a60eba4,aa3b13fb52,2011-03-31T12:03:39Z,20,0,0,0,13992.12415,2818,14692.38375,1717,5,4,1,Swift,58781,13,984
358,https://github.com/irccloud/ios/commit/dac94641caed10bcfd728a00ced317d853e18a4f,ios,5,5,7728ba0f,7728ba0f,dac94641,2017-09-19T23:14:24Z,38,243,15,228,363.752381,33,143.7333333,15,2,1,1,Objective-C,70761,7,1675
359,https://github.com/wordpress-mobile/WordPress-iOS/commit/c407f19e22c699f31284845f19a1773700dc7903,ios,4,1127,59025440f2,2697302b31,c407f19e22,2012-08-03T21:18:42Z,27,0,0,0,16260.69437,3341,17155.41019,1938,47,20,27,Swift,70485,13,1475
360,https://github.com/wordpress-mobile/WordPress-iOS/commit/57aea376ae0b04cdf3e0dfacc957464a82783bd8,ios,6,160,f05332b0b1,b4b98d87d9,57aea376ae,2012-08-01T15:15:33Z,27,0,0,0,16260.69437,3341,17155.41019,1938,202,63,139,Swift,70427,13,1473
361,https://github.com/wordpress-mobile/WordPress-iOS/commit/016b805bf1c748deef7eb6d26f345ec1f4bf8c83,ios,0,694,b6cbf31dda,0c22722413,016b805bf1,2013-01-17T21:43:17Z,32,0,0,0,16593.36676,3536,17594.38109,2057,299,102,197,Swift,80053,13,1642
362,https://github.com/CatchChat/Yep/commit/ecb6de798957420c4ecd93761fec54e2e4b5430b,ios,9,14,7ac65cd0,b3aa4091,ecb6de79,2015-12-01T10:28:37Z,0,1,0,1,583.0653266,0,435.8040201,0,4,2,2,Swift,32398,2,261
363,https://github.com/wordpress-mobile/WordPress-iOS/commit/d58933735b490ccc0d22e9acaad96dded4723153,ios,2,976,3021131905,01e7913e8d,d58933735b,2011-03-28T14:17:09Z,20,0,0,0,13992.12415,2818,14692.38375,1717,273,156,117,Swift,58651,13,981
364,https://github.com/breadwallet/breadwallet/commit/5f99d526aa63777723e71ae48af8987b9282c360,ios,2,24,bce5219,96a9731,5f99d52,2013-11-03T03:05:06Z,2,0,0,0,526.5016287,23,406.3583062,11,229,94,135,Objective-C,7367,2,182
365,https://github.com/jcs/endless/commit/d20b9e87e6cba07f82e499cbdb3705fd1d48b1b9,ios,710,710,d16359e,d16359e,d20b9e8,2016-12-27T17:12:26Z,3,25,0,25,6066.454545,0,3491.979021,0,21,6,15,Objective-C,7713,1,758
366,https://github.com/singro/v2ex/commit/cd7f31eaf1070840e8c6cfd8ce036e30f07ee158,ios,0,205,fb962bb,ca19502,cd7f31e,2015-09-24T15:46:38Z,0,22,10,12,6.933014354,0,1.794258373,0,122,28,94,Objective-C,24606,8,550
367,https://github.com/breadwallet/breadwallet/commit/cc1c914b6316e7196916da173936a8478a8cdc04,ios,0,110,403f167,0c916b8,cc1c914,2013-09-01T03:30:36Z,0,0,0,0,571.9335443,38,438.1708861,18,675,346,329,Objective-C,4890,2,119
368,https://github.com/thoughtbot/poppins/commit/9976858131dfe2cee9c2aaaa2122b16866c7fad4,ios,59,126,ea48833,6f3c8ea,9976858,2015-03-31T23:23:15Z,0,26,0,26,10,0,3.132478632,0,73,52,21,Objective-C,2131,4,135
369,https://github.com/TrustWallet/trust-wallet-ios/commit/61f1e7854175a98d6ac8f007c2241360195d3f57,ios,8,12,bed6cae1,82797ffb,61f1e785,2018-03-19T20:22:21Z,0,500,9,491,363.835443,0,279.7848101,0,13,3,10,Swift,21051,21,183
370,https://github.com/TrustWallet/trust-wallet-ios/commit/0b39d3f1d33a76a317a649fdecc1b961934c00ca,ios,3,5,e600cc8b,913a5cf8,0b39d3f1,2018-02-20T22:39:25Z,0,374,7,367,460.2891566,0,318.746988,0,19,9,10,Swift,17460,18,156
371,https://github.com/OnionBrowser/OnionBrowser/commit/ab5b0690601b743d7002816ef784cd44fa566e94,ios,5,1159,4183245,07e8d04,ab5b069,2018-02-08T20:08:27Z,46,120,12,108,7810.694118,0,5428.623529,0,124,20,104,Objective-C,10172,5,1166
372,https://github.com/TrustWallet/trust-wallet-ios/commit/aed79af049f20cb58ab980f24363b8a954b7510d,ios,5,136,86d69621,06e77afd,aed79af0,2018-02-05T00:00:01Z,0,276,4,272,1250.776471,0,1083.647059,0,87,42,45,Swift,16364,16,141
373,https://github.com/TrustWallet/trust-wallet-ios/commit/5f9acce8c81891b24e208269df491b6fca3153ae,ios,24,24,a9a25342,a9a25342,5f9acce8,2018-02-05T14:30:58Z,0,277,5,272,1250.776471,0,1083.647059,0,2,1,1,Swift,16381,16,141
374,https://github.com/TrustWallet/trust-wallet-ios/commit/33a525657ecba79d2bffbbd11b7db12cf31888ec,ios,8,88,78b1303f,9d3f3b1d,33a52565,2017-12-20T16:13:06Z,0,152,2,150,1709.271739,0,1511.065217,0,8,4,4,Swift,13960,12,94
375,https://github.com/bonzoq/hniosreader/commit/ac9313c9c3fca75a8d9dbb6d0e3aa2660872891b,ios,14,157,defe9a3,73a765a,ac9313c,2015-08-19T20:39:47Z,0,11,0,11,0.747663551,0,0.644859813,0,59,33,26,Objective-C,3768,6,283
376,https://github.com/wikimedia/wikipedia-ios/commit/5dcda406173476e9d91678b8bf4506b103462e13,ios,103,103,bd4237cab,b3ba56cdb,5dcda4061,2016-08-10T18:01:58Z,452,824,0,824,8396.02454,3078,8650.441718,1946,9,4,5,Objective-C,31907,57,1025
377,https://github.com/wikimedia/wikipedia-ios/commit/12d1e2a5b8edaa7922dd9addf1829ecd01116a2d,ios,12,58,ac13e9530,67e206417,12d1e2a5b,2015-05-18T17:51:49Z,23,14,0,14,11635.88987,3599,10523.85463,2553,118,28,90,Objective-C,156572,26,575
378,https://github.com/TrustWallet/trust-wallet-ios/commit/d9f1b4f1c8294b7aea775a4cf203d5119faefc0c,ios,0,120,f1dc0d0c,48681007,d9f1b4f1,2018-04-24T19:31:04Z,0,669,11,658,291.6081081,0,233.6891892,0,16,10,6,Swift,22879,25,219
379,https://github.com/TrustWallet/trust-wallet-ios/commit/edc3f091488be562b970b2ab68408c4d72d1d56b,ios,128,173,9821cd26,d84e6870,edc3f091,2018-06-12T05:37:36Z,0,752,15,737,262.8507463,0,220.8955224,0,14,5,9,Swift,24347,25,268